Code,Name,Country,source_table,Product,Price,Manufacturer,Cost per Unit,Manufacturer Name,Category,Product Code,Month,Store,Units Sold,Total Sales,Product Name,Sales Channel,Total_Sales,Total_Units_Sold,Contribution_Percentage
1.0,Sony,Japan,Manufacturers,,,,,,,,,,,,,,,,
2.0,Creative Labs,Singapore,Manufacturers,,,,,,,,,,,,,,,,
3.0,Hewlett-Packard,United states,Manufacturers,,,,,,,,,,,,,,,,
4.0,Iomega,United states,Manufacturers,,,,,,,,,,,,,,,,
5.0,Fujitsu,Japan,Manufacturers,,,,,,,,,,,,,,,,
6.0,Winchester,United states,Manufacturers,,,,,,,,,,,,,,,,
6.0,Samsung,South Korea,Manufacturers,,,,,,,,,,,,,,,,
7.0,Apple,United states,Manufacturers,,,,,,,,,,,,,,,,
8.0,Dell,United states,Manufacturers,,,,,,,,,,,,,,,,
6.0,Intel,United States,Manufacturers,,,,,,,,,,,,,,,,
7.0,AMD,United States,Manufacturers,,,,,,,,,,,,,,,,
8.0,NVIDIA,United States,Manufacturers,,,,,,,,,,,,,,,,
9.0,Asus,Taiwan,Manufacturers,,,,,,,,,,,,,,,,
10.0,Gigabyte,Taiwan,Manufacturers,,,,,,,,,,,,,,,,
11.0,MSI,Taiwan,Manufacturers,,,,,,,,,,,,,,,,
12.0,Dell,United States,Manufacturers,,,,,,,,,,,,,,,,
13.0,HP,United States,Manufacturers,,,,,,,,,,,,,,,,
14.0,Acer,Taiwan,Manufacturers,,,,,,,,,,,,,,,,
15.0,Lenovo,China,Manufacturers,,,,,,,,,,,,,,,,
16.0,Samsung,South Korea,Manufacturers,,,,,,,,,,,,,,,,
17.0,Toshiba,Japan,Manufacturers,,,,,,,,,,,,,,,,
18.0,Seagate,United States,Manufacturers,,,,,,,,,,,,,,,,
19.0,Western Digital,United States,Manufacturers,,,,,,,,,,,,,,,,
20.0,Kingston,United States,Manufacturers,,,,,,,,,,,,,,,,
21.0,Corsair,United States,Manufacturers,,,,,,,,,,,,,,,,
22.0,Logitech,Switzerland,Manufacturers,,,,,,,,,,,,,,,,
23.0,Razer,United States,Manufacturers,,,,,,,,,,,,,,,,
24.0,Cooler Master,Taiwan,Manufacturers,,,,,,,,,,,,,,,,
25.0,Thermaltake,Taiwan,Manufacturers,,,,,,,,,,,,,,,,
1.0,,,Products,Hard drive,240.0,5.0,145.0,Fujitsu,Periféricos,,,,,,,,,,
2.0,,,Products,Memory,120.0,6.0,82.0,Winchester,Periféricos,,,,,,,,,,
3.0,,,Products,ZIP drive,150.0,4.0,77.0,Iomega,Periféricos,,,,,,,,,,
4.0,,,Products,Floppy disk,5.0,6.0,3.0,Winchester,Periféricos,,,,,,,,,,
5.0,,,Products,Monitor,240.0,1.0,159.0,Sony,Accesorios,,,,,,,,,,
6.0,,,Products,DVD drive,180.0,2.0,133.0,Creative Labs,Gaming,,,,,,,,,,
7.0,,,Products,CD drive,90.0,2.0,55.0,Creative Labs,Gaming,,,,,,,,,,
8.0,,,Products,Printer,270.0,3.0,149.0,Hewlett-Packard,Gaming,,,,,,,,,,
9.0,,,Products,Toner cartridge,66.0,3.0,35.0,Hewlett-Packard,Gaming,,,,,,,,,,
10.0,,,Products,DVD burner,180.0,2.0,158.0,Creative Labs,Gaming,,,,,,,,,,
11.0,,,Products,Laptop,891.0,7.0,667.0,Apple,Electrónica,,,,,,,,,,
12.0,,,Products,Tablet,914.0,7.0,366.0,Apple,Electrónica,,,,,,,,,,
13.0,,,Products,SSD,167.0,6.0,260.0,Winchester,Periféricos,,,,,,,,,,
14.0,,,Products,Earphones,855.0,7.0,160.0,Apple,Gaming,,,,,,,,,,
15.0,,,Products,Processor,958.0,6.0,255.0,Winchester,Gaming,,,,,,,,,,
16.0,,,Products,Graphics Card,208.0,7.0,504.0,Apple,Gaming,,,,,,,,,,
17.0,,,Products,Motherboard,864.0,8.0,85.0,Dell,Gaming,,,,,,,,,,
18.0,,,Products,Laptop,277.0,9.0,665.0,Asus,Electrónica,,,,,,,,,,
19.0,,,Products,Desktop PC,926.0,10.0,649.0,Gigabyte,Electrónica,,,,,,,,,,
20.0,,,Products,Gaming Mouse,265.0,11.0,35.0,MSI,Accesorios,,,,,,,,,,
21.0,,,Products,Gaming Keyboard,997.0,12.0,63.0,Dell,Accesorios,,,,,,,,,,
22.0,,,Products,SSD,745.0,13.0,78.0,HP,Periféricos,,,,,,,,,,
23.0,,,Products,RAM,64.0,14.0,64.0,Acer,Gaming,,,,,,,,,,
24.0,,,Products,Smartphone,206.0,15.0,591.0,Lenovo,Electrónica,,,,,,,,,,
25.0,,,Products,Monitor,697.0,16.0,208.0,Samsung,Accesorios,,,,,,,,,,
26.0,,,Products,External HDD,310.0,17.0,73.0,Toshiba,Gaming,,,,,,,,,,
27.0,,,Products,Power Supply,206.0,18.0,32.0,Seagate,Gaming,,,,,,,,,,
28.0,,,Products,Cooling System,96.0,19.0,77.0,Western Digital,Gaming,,,,,,,,,,
29.0,,,Products,Headphones,373.0,20.0,55.0,Kingston,Accesorios,,,,,,,,,,
30.0,,,Products,Wireless Router,893.0,21.0,101.0,Corsair,Gaming,,,,,,,,,,
31.0,,,Products,Webcam,734.0,22.0,42.0,Logitech,Gaming,,,,,,,,,,
32.0,,,Products,Gaming Chair,179.0,23.0,194.0,Razer,Gaming,,,,,,,,,,
33.0,,,Products,Case,460.0,24.0,71.0,Cooler Master,Gaming,,,,,,,,,,
34.0,,,Products,UPS,144.0,25.0,120.0,Thermaltake,Gaming,,,,,,,,,,
35.0,,,Products,Hard drive,676.0,6.0,145.0,Winchester,Periféricos,,,,,,,,,,
36.0,,,Products,Hard drive,804.0,6.0,145.0,Samsung,Periféricos,,,,,,,,,,
37.0,,,Products,Hard drive,981.0,6.0,145.0,Intel,Periféricos,,,,,,,,,,
38.0,,,Products,Desktop PC,341.0,6.0,649.0,Winchester,Electrónica,,,,,,,,,,
39.0,,,Products,Desktop PC,843.0,6.0,649.0,Samsung,Electrónica,,,,,,,,,,
40.0,,,Products,Desktop PC,860.0,6.0,649.0,Intel,Electrónica,,,,,,,,,,
41.0,,,Products,Gaming Mouse,332.0,6.0,35.0,Winchester,Accesorios,,,,,,,,,,
42.0,,,Products,Gaming Mouse,118.0,6.0,35.0,Samsung,Accesorios,,,,,,,,,,
43.0,,,Products,Gaming Mouse,709.0,6.0,35.0,Intel,Accesorios,,,,,,,,,,
44.0,,,Products,Case,60.0,6.0,71.0,Winchester,Gaming,,,,,,,,,,
45.0,,,Products,Case,303.0,6.0,71.0,Samsung,Gaming,,,,,,,,,,
46.0,,,Products,Case,891.0,6.0,71.0,Intel,Gaming,,,,,,,,,,
47.0,,,Products,Memory,921.0,1.0,82.0,Sony,Periféricos,,,,,,,,,,
48.0,,,Products,Monitor,599.0,1.0,159.0,Sony,Accesorios,,,,,,,,,,
49.0,,,Products,Printer,183.0,1.0,149.0,Sony,Gaming,,,,,,,,,,
50.0,,,Products,Headphones,761.0,1.0,55.0,Sony,Accesorios,,,,,,,,,,
51.0,,,Products,ZIP drive,72.0,23.0,77.0,Razer,Periféricos,,,,,,,,,,
52.0,,,Products,DVD burner,864.0,23.0,158.0,Razer,Gaming,,,,,,,,,,
53.0,,,Products,Floppy disk,395.0,15.0,3.0,Lenovo,Periféricos,,,,,,,,,,
54.0,,,Products,Toner cartridge,351.0,15.0,35.0,Lenovo,Gaming,,,,,,,,,,
55.0,,,Products,Power Supply,412.0,15.0,32.0,Lenovo,Gaming,,,,,,,,,,
56.0,,,Products,Cooling System,445.0,15.0,77.0,Lenovo,Gaming,,,,,,,,,,
57.0,,,Products,DVD drive,267.0,25.0,133.0,Thermaltake,Gaming,,,,,,,,,,
58.0,,,Products,UPS,190.0,25.0,120.0,Thermaltake,Gaming,,,,,,,,,,
59.0,,,Products,CD drive,665.0,17.0,55.0,Toshiba,Gaming,,,,,,,,,,
60.0,,,Products,Laptop,259.0,2.0,667.0,Creative Labs,Electrónica,,,,,,,,,,
61.0,,,Products,Tablet,672.0,14.0,366.0,Acer,Electrónica,,,,,,,,,,
62.0,,,Products,SSD,665.0,21.0,260.0,Corsair,Periféricos,,,,,,,,,,
63.0,,,Products,Earphones,877.0,8.0,160.0,Dell,Gaming,,,,,,,,,,
64.0,,,Products,Earphones,732.0,8.0,160.0,NVIDIA,Gaming,,,,,,,,,,
65.0,,,Products,Processor,509.0,8.0,255.0,Dell,Gaming,,,,,,,,,,
66.0,,,Products,Processor,405.0,8.0,255.0,NVIDIA,Gaming,,,,,,,,,,
67.0,,,Products,Smartphone,373.0,8.0,591.0,Dell,Electrónica,,,,,,,,,,
68.0,,,Products,Smartphone,182.0,8.0,591.0,NVIDIA,Electrónica,,,,,,,,,,
69.0,,,Products,Graphics Card,937.0,19.0,504.0,Western Digital,Gaming,,,,,,,,,,
70.0,,,Products,Laptop,854.0,19.0,665.0,Western Digital,Electrónica,,,,,,,,,,
71.0,,,Products,RAM,889.0,19.0,64.0,Western Digital,Gaming,,,,,,,,,,
72.0,,,Products,Motherboard,176.0,7.0,85.0,Apple,Gaming,,,,,,,,,,
73.0,,,Products,Motherboard,155.0,7.0,85.0,AMD,Gaming,,,,,,,,,,
74.0,,,Products,SSD,653.0,7.0,78.0,Apple,Periféricos,,,,,,,,,,
75.0,,,Products,SSD,848.0,7.0,78.0,AMD,Periféricos,,,,,,,,,,
76.0,,,Products,Webcam,427.0,7.0,42.0,Apple,Gaming,,,,,,,,,,
77.0,,,Products,Webcam,954.0,7.0,42.0,AMD,Gaming,,,,,,,,,,
78.0,,,Products,Gaming Keyboard,100.0,3.0,63.0,Hewlett-Packard,Accesorios,,,,,,,,,,
79.0,,,Products,Monitor,78.0,10.0,208.0,Gigabyte,Accesorios,,,,,,,,,,
80.0,,,Products,External HDD,511.0,20.0,73.0,Kingston,Gaming,,,,,,,,,,
81.0,,,Products,Wireless Router,345.0,20.0,101.0,Kingston,Gaming,,,,,,,,,,
82.0,,,Products,Gaming Chair,346.0,4.0,194.0,Iomega,Gaming,,,,,,,,,,
,,,Sales,,,,,,,50.0,2024-10-12,Porto Alegre,62.0,6200.0,Headphones,Direct Sales,,,
,,,Sales,,,,,,,70.0,2024-04-18,Belo Horizonte,75.0,75000.0,Laptop,Retail,,,
,,,Sales,,,,,,,49.0,2024-08-21,Belo Horizonte,92.0,24840.0,Printer,Wholesale,,,
,,,Sales,,,,,,,78.0,2024-07-30,Bahia,89.0,6230.0,Gaming Keyboard,Direct Sales,,,
,,,Sales,,,,,,,40.0,2024-12-13,Curitiba,62.0,49600.0,Desktop PC,Direct Sales,,,
,,,Sales,,,,,,,71.0,2024-09-04,Manaus,97.0,7760.0,RAM,Wholesale,,,
,,,Sales,,,,,,,70.0,2024-08-31,Curitiba,1.0,1000.0,Laptop,Retail,,,
,,,Sales,,,,,,,70.0,2024-05-27,Belo Horizonte,27.0,27000.0,Laptop,Wholesale,,,
,,,Sales,,,,,,,68.0,2024-02-21,Porto Alegre,62.0,55800.0,Smartphone,Direct Sales,,,
,,,Sales,,,,,,,68.0,2024-05-27,Rio de Janeiro,77.0,69300.0,Smartphone,Online,,,
,,,Sales,,,,,,,51.0,2024-08-07,Porto Alegre,3.0,450.0,ZIP drive,Online,,,
,,,Sales,,,,,,,75.0,2024-10-13,Salvador,70.0,8400.0,SSD,Wholesale,,,
,,,Sales,,,,,,,47.0,2024-09-21,Rio de Janeiro,72.0,8640.0,Memory,Direct Sales,,,
,,,Sales,,,,,,,68.0,2024-12-07,Paraná,27.0,24300.0,Smartphone,Online,,,
,,,Sales,,,,,,,81.0,2024-12-17,Paraná,9.0,1800.0,Wireless Router,Direct Sales,,,
,,,Sales,,,,,,,47.0,2024-12-04,Rio de Janeiro,62.0,7440.0,Memory,Wholesale,,,
,,,Sales,,,,,,,78.0,2024-09-26,Brasília,37.0,2590.0,Gaming Keyboard,Online,,,
,,,Sales,,,,,,,46.0,2024-01-08,Rio de Janeiro,97.0,9700.0,Case,Direct Sales,,,
,,,Sales,,,,,,,61.0,2024-09-15,Paraná,51.0,25500.0,Tablet,Online,,,
,,,Sales,,,,,,,75.0,2024-07-24,Paraná,44.0,5280.0,SSD,Wholesale,,,
,,,Sales,,,,,,,79.0,2024-09-23,Fortaleza,24.0,6000.0,Monitor,Direct Sales,,,
,,,Sales,,,,,,,55.0,2024-08-11,Curitiba,79.0,4740.0,Power Supply,Online,,,
,,,Sales,,,,,,,56.0,2024-01-31,Fortaleza,59.0,8850.0,Cooling System,Wholesale,,,
,,,Sales,,,,,,,61.0,2024-12-25,Belo Horizonte,32.0,16000.0,Tablet,Online,,,
,,,Sales,,,,,,,70.0,2024-08-05,Curitiba,96.0,96000.0,Laptop,Online,,,
,,,Sales,,,,,,,51.0,2024-08-08,Belo Horizonte,88.0,13200.0,ZIP drive,Retail,,,
,,,Sales,,,,,,,59.0,2024-11-06,Porto Alegre,52.0,4680.0,CD drive,Retail,,,
,,,Sales,,,,,,,78.0,2024-03-30,Rio de Janeiro,62.0,4340.0,Gaming Keyboard,Wholesale,,,
,,,Sales,,,,,,,54.0,2024-01-25,Manaus,58.0,3828.0,Toner cartridge,Retail,,,
,,,Sales,,,,,,,64.0,2024-08-19,Paraná,52.0,15600.0,Earphones,Wholesale,,,
,,,Sales,,,,,,,53.0,2024-03-04,Curitiba,12.0,60.0,Floppy disk,Retail,,,
,,,Sales,,,,,,,79.0,2024-03-08,Curitiba,39.0,9750.0,Monitor,Online,,,
,,,Sales,,,,,,,64.0,2024-01-19,Curitiba,2.0,600.0,Earphones,Wholesale,,,
,,,Sales,,,,,,,54.0,2024-11-28,Porto Alegre,3.0,198.0,Toner cartridge,Wholesale,,,
,,,Sales,,,,,,,80.0,2024-05-23,Porto Alegre,56.0,5600.0,External HDD,Online,,,
,,,Sales,,,,,,,47.0,2024-10-22,Recife,81.0,9720.0,Memory,Wholesale,,,
,,,Sales,,,,,,,43.0,2024-07-09,Recife,59.0,2950.0,Gaming Mouse,Wholesale,,,
,,,Sales,,,,,,,56.0,2024-10-27,Manaus,2.0,300.0,Cooling System,Retail,,,
,,,Sales,,,,,,,59.0,2024-09-19,Brasília,2.0,180.0,CD drive,Wholesale,,,
,,,Sales,,,,,,,49.0,2024-12-26,Manaus,92.0,24840.0,Printer,Direct Sales,,,
,,,Sales,,,,,,,64.0,2024-07-23,Porto Alegre,54.0,16200.0,Earphones,Online,,,
,,,Sales,,,,,,,75.0,2024-09-18,Curitiba,87.0,26100.0,SSD,Retail,,,
,,,Sales,,,,,,,53.0,2024-08-12,Porto Alegre,96.0,480.0,Floppy disk,Retail,,,
,,,Sales,,,,,,,47.0,2024-12-14,Rio de Janeiro,97.0,11640.0,Memory,Direct Sales,,,
,,,Sales,,,,,,,57.0,2024-02-11,Belo Horizonte,1.0,180.0,DVD drive,Online,,,
,,,Sales,,,,,,,53.0,2024-01-14,Manaus,19.0,95.0,Floppy disk,Online,,,
,,,Sales,,,,,,,50.0,2024-07-31,Belo Horizonte,2.0,200.0,Headphones,Retail,,,
,,,Sales,,,,,,,64.0,2024-07-31,Salvador,53.0,15900.0,Earphones,Wholesale,,,
,,,Sales,,,,,,,80.0,2024-08-11,Belo Horizonte,44.0,4400.0,External HDD,Retail,,,
,,,Sales,,,,,,,58.0,2024-05-31,Porto Alegre,90.0,13500.0,UPS,Online,,,
,,,Sales,,,,,,,40.0,2024-05-17,Paraná,40.0,32000.0,Desktop PC,Direct Sales,,,
,,,Sales,,,,,,,61.0,2024-12-05,Recife,42.0,21000.0,Tablet,Retail,,,
,,,Sales,,,,,,,51.0,2024-12-28,Belo Horizonte,9.0,1350.0,ZIP drive,Online,,,
,,,Sales,,,,,,,43.0,2024-12-30,Rio de Janeiro,50.0,2500.0,Gaming Mouse,Retail,,,
,,,Sales,,,,,,,68.0,2024-05-24,Rio de Janeiro,27.0,24300.0,Smartphone,Wholesale,,,
,,,Sales,,,,,,,46.0,2024-07-01,Recife,66.0,6600.0,Case,Retail,,,
,,,Sales,,,,,,,68.0,2024-04-04,Porto Alegre,5.0,4500.0,Smartphone,Retail,,,
,,,Sales,,,,,,,70.0,2024-06-16,Porto Alegre,29.0,29000.0,Laptop,Online,,,
,,,Sales,,,,,,,49.0,2024-04-20,Bahia,37.0,9990.0,Printer,Online,,,
,,,Sales,,,,,,,43.0,2024-03-05,Recife,38.0,1900.0,Gaming Mouse,Online,,,
,,,Sales,,,,,,,79.0,2024-07-01,Belo Horizonte,83.0,20750.0,Monitor,Retail,,,
,,,Sales,,,,,,,79.0,2024-08-02,Bahia,8.0,2000.0,Monitor,Wholesale,,,
,,,Sales,,,,,,,50.0,2024-04-04,Bahia,65.0,6500.0,Headphones,Direct Sales,,,
,,,Sales,,,,,,,64.0,2024-02-13,Curitiba,86.0,25800.0,Earphones,Direct Sales,,,
,,,Sales,,,,,,,64.0,2024-12-09,Paraná,17.0,5100.0,Earphones,Online,,,
,,,Sales,,,,,,,47.0,2024-10-07,Bahia,71.0,8520.0,Memory,Online,,,
,,,Sales,,,,,,,61.0,2024-03-03,Porto Alegre,89.0,44500.0,Tablet,Retail,,,
,,,Sales,,,,,,,46.0,2024-01-25,Belo Horizonte,45.0,4500.0,Case,Direct Sales,,,
,,,Sales,,,,,,,53.0,2024-08-04,Curitiba,4.0,20.0,Floppy disk,Online,,,
,,,Sales,,,,,,,46.0,2024-03-30,Curitiba,36.0,3600.0,Case,Wholesale,,,
,,,Sales,,,,,,,64.0,2024-12-20,Fortaleza,70.0,21000.0,Earphones,Wholesale,,,
,,,Sales,,,,,,,78.0,2024-10-13,Manaus,31.0,2170.0,Gaming Keyboard,Online,,,
,,,Sales,,,,,,,43.0,2024-07-09,Rio de Janeiro,19.0,950.0,Gaming Mouse,Online,,,
,,,Sales,,,,,,,49.0,2024-10-14,Bahia,61.0,16470.0,Printer,Direct Sales,,,
,,,Sales,,,,,,,59.0,2024-05-28,Paraná,54.0,4860.0,CD drive,Direct Sales,,,
,,,Sales,,,,,,,51.0,2024-10-02,Bahia,39.0,5850.0,ZIP drive,Retail,,,
,,,Sales,,,,,,,75.0,2024-05-03,Recife,91.0,27300.0,SSD,Direct Sales,,,
,,,Sales,,,,,,,46.0,2024-07-04,Recife,74.0,7400.0,Case,Wholesale,,,
,,,Sales,,,,,,,61.0,2024-09-30,Belo Horizonte,90.0,45000.0,Tablet,Wholesale,,,
,,,Sales,,,,,,,75.0,2024-12-28,Porto Alegre,19.0,2280.0,SSD,Online,,,
,,,Sales,,,,,,,75.0,2024-05-18,São Paulo,39.0,4680.0,SSD,Direct Sales,,,
,,,Sales,,,,,,,81.0,2024-01-28,Paraná,67.0,13400.0,Wireless Router,Retail,,,
,,,Sales,,,,,,,49.0,2024-10-14,Manaus,45.0,12150.0,Printer,Wholesale,,,
,,,Sales,,,,,,,55.0,2024-10-13,Porto Alegre,13.0,780.0,Power Supply,Wholesale,,,
,,,Sales,,,,,,,55.0,2024-01-11,Bahia,92.0,5520.0,Power Supply,Retail,,,
,,,Sales,,,,,,,58.0,2024-02-15,Rio de Janeiro,58.0,8700.0,UPS,Retail,,,
,,,Sales,,,,,,,78.0,2024-06-15,Curitiba,20.0,1400.0,Gaming Keyboard,Wholesale,,,
,,,Sales,,,,,,,81.0,2024-09-16,Curitiba,92.0,18400.0,Wireless Router,Wholesale,,,
,,,Sales,,,,,,,46.0,2024-08-30,Belo Horizonte,72.0,7200.0,Case,Retail,,,
,,,Sales,,,,,,,56.0,2024-05-06,Curitiba,61.0,9150.0,Cooling System,Wholesale,,,
,,,Sales,,,,,,,46.0,2024-01-02,Recife,39.0,3900.0,Case,Online,,,
,,,Sales,,,,,,,79.0,2024-07-31,Porto Alegre,1.0,240.0,Monitor,Online,,,
,,,Sales,,,,,,,40.0,2024-05-29,Manaus,3.0,2400.0,Desktop PC,Retail,,,
,,,Sales,,,,,,,53.0,2024-06-27,Porto Alegre,77.0,385.0,Floppy disk,Direct Sales,,,
,,,Sales,,,,,,,75.0,2024-07-30,Belo Horizonte,92.0,27600.0,SSD,Retail,,,
,,,Sales,,,,,,,56.0,2024-03-10,Porto Alegre,62.0,9300.0,Cooling System,Retail,,,
,,,Sales,,,,,,,81.0,2024-12-16,Belo Horizonte,63.0,12600.0,Wireless Router,Direct Sales,,,
,,,Sales,,,,,,,50.0,2024-10-17,Porto Alegre,25.0,2500.0,Headphones,Direct Sales,,,
,,,Sales,,,,,,,57.0,2024-03-14,São Paulo,56.0,10080.0,DVD drive,Direct Sales,,,
,,,Sales,,,,,,,68.0,2024-05-26,Recife,33.0,29700.0,Smartphone,Online,,,
,,,Sales,,,,,,,50.0,2024-06-19,Manaus,38.0,3800.0,Headphones,Wholesale,,,
,,,Sales,,,,,,,77.0,2024-09-12,Porto Alegre,6.0,480.0,Webcam,Online,,,
,,,Sales,,,,,,,46.0,2024-12-20,Belo Horizonte,58.0,5800.0,Case,Wholesale,,,
,,,Sales,,,,,,,78.0,2024-05-17,Recife,44.0,3080.0,Gaming Keyboard,Online,,,
,,,Sales,,,,,,,82.0,2024-01-17,São Paulo,45.0,11250.0,Gaming Chair,Wholesale,,,
,,,Sales,,,,,,,71.0,2024-04-14,Porto Alegre,32.0,2560.0,RAM,Online,,,
,,,Sales,,,,,,,46.0,2024-05-27,Curitiba,45.0,4500.0,Case,Direct Sales,,,
,,,Sales,,,,,,,51.0,2024-12-07,Belo Horizonte,61.0,9150.0,ZIP drive,Retail,,,
,,,Sales,,,,,,,64.0,2024-10-03,Belo Horizonte,47.0,14100.0,Earphones,Online,,,
,,,Sales,,,,,,,79.0,2024-10-02,Fortaleza,21.0,5250.0,Monitor,Wholesale,,,
,,,Sales,,,,,,,77.0,2024-05-23,Porto Alegre,80.0,6400.0,Webcam,Direct Sales,,,
,,,Sales,,,,,,,51.0,2024-07-22,Recife,85.0,12750.0,ZIP drive,Online,,,
,,,Sales,,,,,,,68.0,2024-04-01,Recife,75.0,67500.0,Smartphone,Online,,,
,,,Sales,,,,,,,82.0,2024-01-25,São Paulo,36.0,9000.0,Gaming Chair,Direct Sales,,,
,,,Sales,,,,,,,75.0,2024-05-04,Salvador,99.0,11880.0,SSD,Online,,,
,,,Sales,,,,,,,71.0,2024-07-11,Rio de Janeiro,19.0,1520.0,RAM,Retail,,,
,,,Sales,,,,,,,47.0,2024-10-28,Rio de Janeiro,20.0,2400.0,Memory,Online,,,
,,,Sales,,,,,,,55.0,2024-10-28,Fortaleza,57.0,3420.0,Power Supply,Retail,,,
,,,Sales,,,,,,,47.0,2024-06-04,Rio de Janeiro,18.0,2160.0,Memory,Retail,,,
,,,Sales,,,,,,,80.0,2024-05-11,Manaus,47.0,4700.0,External HDD,Direct Sales,,,
,,,Sales,,,,,,,75.0,2024-04-16,Curitiba,49.0,14700.0,SSD,Online,,,
,,,Sales,,,,,,,46.0,2024-02-16,Porto Alegre,14.0,1400.0,Case,Direct Sales,,,
,,,Sales,,,,,,,54.0,2024-04-24,Curitiba,15.0,990.0,Toner cartridge,Online,,,
,,,Sales,,,,,,,50.0,2024-10-21,Rio de Janeiro,31.0,3100.0,Headphones,Online,,,
,,,Sales,,,,,,,80.0,2024-10-25,Paraná,1.0,100.0,External HDD,Wholesale,,,
,,,Sales,,,,,,,79.0,2024-03-22,Rio de Janeiro,54.0,13500.0,Monitor,Online,,,
,,,Sales,,,,,,,68.0,2024-10-09,Bahia,3.0,2700.0,Smartphone,Direct Sales,,,
,,,Sales,,,,,,,75.0,2024-01-15,Belo Horizonte,16.0,4800.0,SSD,Retail,,,
,,,Sales,,,,,,,59.0,2024-08-10,Curitiba,87.0,7830.0,CD drive,Online,,,
,,,Sales,,,,,,,43.0,2024-05-07,Porto Alegre,57.0,2850.0,Gaming Mouse,Wholesale,,,
,,,Sales,,,,,,,37.0,2024-04-07,Porto Alegre,75.0,18000.0,Hard drive,Direct Sales,,,
,,,Sales,,,,,,,49.0,2024-08-12,Bahia,12.0,3240.0,Printer,Online,,,
,,,Sales,,,,,,,61.0,2024-07-11,Bahia,74.0,37000.0,Tablet,Direct Sales,,,
,,,Sales,,,,,,,64.0,2024-02-01,Porto Alegre,96.0,28800.0,Earphones,Wholesale,,,
,,,Sales,,,,,,,61.0,2024-01-08,Porto Alegre,16.0,8000.0,Tablet,Wholesale,,,
,,,Sales,,,,,,,71.0,2024-12-29,Rio de Janeiro,72.0,5760.0,RAM,Direct Sales,,,
,,,Sales,,,,,,,70.0,2024-11-21,Bahia,76.0,76000.0,Laptop,Online,,,
,,,Sales,,,,,,,56.0,2024-04-15,Manaus,24.0,3600.0,Cooling System,Retail,,,
,,,Sales,,,,,,,58.0,2024-08-08,Belo Horizonte,28.0,4200.0,UPS,Wholesale,,,
,,,Sales,,,,,,,47.0,2024-12-10,Recife,8.0,960.0,Memory,Online,,,
,,,Sales,,,,,,,82.0,2024-02-28,Bahia,92.0,23000.0,Gaming Chair,Online,,,
,,,Sales,,,,,,,71.0,2024-03-09,Paraná,36.0,2880.0,RAM,Retail,,,
,,,Sales,,,,,,,75.0,2024-12-10,Manaus,90.0,10800.0,SSD,Wholesale,,,
,,,Sales,,,,,,,79.0,2024-01-21,Recife,8.0,2000.0,Monitor,Wholesale,,,
,,,Sales,,,,,,,75.0,2024-01-11,Bahia,58.0,6960.0,SSD,Online,,,
,,,Sales,,,,,,,75.0,2024-03-10,Curitiba,60.0,7200.0,SSD,Online,,,
,,,Sales,,,,,,,57.0,2024-11-10,Salvador,50.0,9000.0,DVD drive,Retail,,,
,,,Sales,,,,,,,70.0,2024-05-18,Porto Alegre,28.0,28000.0,Laptop,Retail,,,
,,,Sales,,,,,,,46.0,2024-12-28,Porto Alegre,92.0,9200.0,Case,Wholesale,,,
,,,Sales,,,,,,,49.0,2024-03-05,Manaus,41.0,11070.0,Printer,Direct Sales,,,
,,,Sales,,,,,,,37.0,2024-10-26,Rio de Janeiro,76.0,11492.0,Hard drive,Wholesale,,,
,,,Sales,,,,,,,37.0,2024-04-04,Manaus,28.0,36743.0,Hard drive,Online,,,
,,,Sales,,,,,,,58.0,2024-08-07,Paraná,29.0,7102.0,UPS,Wholesale,,,
,,,Sales,,,,,,,82.0,2024-07-15,Recife,80.0,20778.0,Gaming Chair,Direct Sales,,,
,,,Sales,,,,,,,79.0,2024-12-08,Recife,61.0,27641.0,Monitor,Retail,,,
,,,Sales,,,,,,,37.0,2024-09-29,Fortaleza,42.0,35584.0,Hard drive,Direct Sales,,,
,,,Sales,,,,,,,69.0,2024-08-24,Porto Alegre,49.0,33745.0,Graphics Card,Direct Sales,,,
,,,Sales,,,,,,,79.0,2024-05-19,Rio de Janeiro,48.0,24093.0,Monitor,Direct Sales,,,
,,,Sales,,,,,,,75.0,2024-02-16,Rio de Janeiro,91.0,1569.0,SSD,Retail,,,
,,,Sales,,,,,,,50.0,2024-05-23,Bahia,10.0,39210.0,Headphones,Direct Sales,,,
,,,Sales,,,,,,,51.0,2024-08-12,Recife,20.0,35663.0,ZIP drive,Direct Sales,,,
,,,Sales,,,,,,,61.0,2024-10-20,Recife,66.0,37631.0,Tablet,Direct Sales,,,
,,,Sales,,,,,,,80.0,2024-09-04,Salvador,98.0,46681.0,External HDD,Online,,,
,,,Sales,,,,,,,69.0,2024-12-24,Manaus,59.0,8455.0,Graphics Card,Direct Sales,,,
,,,Sales,,,,,,,75.0,2024-12-08,Recife,32.0,5014.0,SSD,Retail,,,
,,,Sales,,,,,,,50.0,2024-12-21,Belo Horizonte,40.0,12093.0,Headphones,Direct Sales,,,
,,,Sales,,,,,,,64.0,2024-09-06,Bahia,51.0,19070.0,Earphones,Direct Sales,,,
,,,Sales,,,,,,,56.0,2024-01-02,Recife,16.0,36777.0,Cooling System,Retail,,,
,,,Sales,,,,,,,79.0,2024-09-24,Paraná,25.0,17538.0,Monitor,Direct Sales,,,
,,,Sales,,,,,,,81.0,2024-07-27,Porto Alegre,99.0,11729.0,Wireless Router,Retail,,,
,,,Sales,,,,,,,79.0,2024-09-01,Salvador,69.0,35177.0,Monitor,Direct Sales,,,
,,,Sales,,,,,,,61.0,2024-08-17,Recife,11.0,46017.0,Tablet,Retail,,,
,,,Sales,,,,,,,69.0,2024-01-16,Paraná,10.0,1784.0,Graphics Card,Direct Sales,,,
,,,Sales,,,,,,,80.0,2024-12-26,Belo Horizonte,57.0,28751.0,External HDD,Direct Sales,,,
,,,Sales,,,,,,,80.0,2024-08-22,Bahia,21.0,41864.0,External HDD,Online,,,
,,,Sales,,,,,,,78.0,2024-08-09,Fortaleza,78.0,41328.0,Gaming Keyboard,Online,,,
,,,Sales,,,,,,,46.0,2024-11-14,Fortaleza,46.0,13533.0,Case,Direct Sales,,,
,,,Sales,,,,,,,81.0,2024-03-09,Porto Alegre,41.0,41111.0,Wireless Router,Direct Sales,,,
,,,Sales,,,,,,,71.0,2024-01-06,Manaus,18.0,40974.0,RAM,Wholesale,,,
,,,Sales,,,,,,,52.0,2024-08-24,Porto Alegre,28.0,6801.0,DVD burner,Retail,,,
,,,Sales,,,,,,,79.0,2024-03-22,Belo Horizonte,57.0,20190.0,Monitor,Wholesale,,,
,,,Sales,,,,,,,58.0,2024-03-17,Porto Alegre,89.0,39754.0,UPS,Online,,,
,,,Sales,,,,,,,77.0,2024-01-30,Paraná,12.0,30592.0,Webcam,Online,,,
,,,Sales,,,,,,,52.0,2024-11-30,Rio de Janeiro,29.0,11647.0,DVD burner,Online,,,
,,,Sales,,,,,,,40.0,2024-05-14,Bahia,33.0,9716.0,Desktop PC,Online,,,
,,,Sales,,,,,,,82.0,2024-10-14,Porto Alegre,63.0,24355.0,Gaming Chair,Direct Sales,,,
,,,Sales,,,,,,,37.0,2024-07-22,Porto Alegre,42.0,23009.0,Hard drive,Online,,,
,,,Sales,,,,,,,79.0,2024-10-14,Porto Alegre,33.0,25376.0,Monitor,Direct Sales,,,
,,,Sales,,,,,,,53.0,2024-09-23,Manaus,84.0,46091.0,Floppy disk,Direct Sales,,,
,,,Sales,,,,,,,69.0,2024-12-08,Manaus,81.0,5780.0,Graphics Card,Online,,,
,,,Sales,,,,,,,68.0,2024-07-10,Recife,45.0,3368.0,Smartphone,Online,,,
,,,Sales,,,,,,,69.0,2024-09-02,Belo Horizonte,47.0,13039.0,Graphics Card,Retail,,,
,,,Sales,,,,,,,47.0,2024-08-12,Paraná,93.0,7655.0,Memory,Wholesale,,,
,,,Sales,,,,,,,56.0,2024-12-19,Curitiba,98.0,41941.0,Cooling System,Online,,,
,,,Sales,,,,,,,82.0,2024-02-07,São Paulo,34.0,5495.0,Gaming Chair,Retail,,,
,,,Sales,,,,,,,55.0,2024-01-31,Manaus,27.0,11893.0,Power Supply,Retail,,,
,,,Sales,,,,,,,43.0,2024-07-23,Belo Horizonte,91.0,26547.0,Gaming Mouse,Wholesale,,,
,,,Sales,,,,,,,68.0,2024-07-12,Porto Alegre,75.0,23386.0,Smartphone,Direct Sales,,,
,,,Sales,,,,,,,61.0,2024-08-11,Manaus,63.0,14403.0,Tablet,Online,,,
,,,Sales,,,,,,,46.0,2024-05-24,Rio de Janeiro,44.0,33097.0,Case,Wholesale,,,
,,,Sales,,,,,,,46.0,2024-03-06,Paraná,89.0,14121.0,Case,Online,,,
,,,Sales,,,,,,,61.0,2024-12-12,Manaus,70.0,11966.0,Tablet,Retail,,,
,,,Sales,,,,,,,51.0,2024-08-02,Porto Alegre,50.0,34621.0,ZIP drive,Retail,,,
,,,Sales,,,,,,,37.0,2024-06-12,Porto Alegre,42.0,29312.0,Hard drive,Direct Sales,,,
,,,Sales,,,,,,,46.0,2024-11-23,Porto Alegre,77.0,23677.0,Case,Retail,,,
,,,Sales,,,,,,,52.0,2024-03-06,Paraná,42.0,32289.0,DVD burner,Retail,,,
,,,Sales,,,,,,,50.0,2024-01-01,Salvador,23.0,32024.0,Headphones,Wholesale,,,
,,,Sales,,,,,,,75.0,2024-03-08,Curitiba,30.0,43675.0,SSD,Online,,,
,,,Sales,,,,,,,61.0,2024-05-15,Rio de Janeiro,57.0,5777.0,Tablet,Online,,,
,,,Sales,,,,,,,77.0,2024-03-19,Curitiba,29.0,30749.0,Webcam,Wholesale,,,
,,,Sales,,,,,,,47.0,2024-01-16,Bahia,17.0,16338.0,Memory,Direct Sales,,,
,,,Sales,,,,,,,71.0,2024-05-14,Manaus,16.0,3491.0,RAM,Online,,,
,,,Sales,,,,,,,73.0,2024-10-05,Belo Horizonte,76.0,28236.0,Motherboard,Retail,,,
,,,Sales,,,,,,,80.0,2024-07-22,Manaus,26.0,49096.0,External HDD,Online,,,
,,,Sales,,,,,,,49.0,2024-07-25,Porto Alegre,42.0,15599.0,Printer,Retail,,,
,,,Sales,,,,,,,50.0,2024-11-10,Curitiba,57.0,20508.0,Headphones,Direct Sales,,,
,,,Sales,,,,,,,80.0,2024-09-07,Recife,85.0,4051.0,External HDD,Wholesale,,,
,,,Sales,,,,,,,52.0,2024-10-23,Porto Alegre,68.0,49747.0,DVD burner,Online,,,
,,,Sales,,,,,,,80.0,2024-10-24,Bahia,95.0,22606.0,External HDD,Wholesale,,,
,,,Sales,,,,,,,58.0,2024-12-28,Recife,31.0,22699.0,UPS,Online,,,
,,,Sales,,,,,,,59.0,2024-03-07,Brasília,39.0,1876.0,CD drive,Retail,,,
,,,Sales,,,,,,,53.0,2024-07-24,Porto Alegre,47.0,33093.0,Floppy disk,Wholesale,,,
,,,Sales,,,,,,,70.0,2024-01-05,Curitiba,60.0,5142.0,Laptop,Online,,,
,,,Sales,,,,,,,50.0,2024-04-30,Paraná,63.0,16202.0,Headphones,Retail,,,
,,,Sales,,,,,,,79.0,2024-04-13,Belo Horizonte,17.0,40734.0,Monitor,Wholesale,,,
,,,Sales,,,,,,,78.0,2024-05-02,São Paulo,36.0,8079.0,Gaming Keyboard,Wholesale,,,
,,,Sales,,,,,,,52.0,2024-07-08,Porto Alegre,36.0,8987.0,DVD burner,Online,,,
,,,Sales,,,,,,,54.0,2024-07-12,Paraná,30.0,40567.0,Toner cartridge,Online,,,
,,,Sales,,,,,,,68.0,2024-11-21,Recife,39.0,29940.0,Smartphone,Online,,,
,,,Sales,,,,,,,70.0,2024-04-14,Porto Alegre,37.0,38233.0,Laptop,Retail,,,
,,,Sales,,,,,,,82.0,2024-07-14,Porto Alegre,73.0,18019.0,Gaming Chair,Online,,,
,,,Sales,,,,,,,68.0,2024-11-21,Recife,78.0,47185.0,Smartphone,Wholesale,,,
,,,Sales,,,,,,,71.0,2024-03-17,Bahia,70.0,19077.0,RAM,Wholesale,,,
,,,Sales,,,,,,,82.0,2024-06-29,Rio de Janeiro,57.0,27258.0,Gaming Chair,Online,,,
,,,Sales,,,,,,,61.0,2024-12-28,Brasília,28.0,22136.0,Tablet,Online,,,
,,,Sales,,,,,,,75.0,2024-02-11,Rio de Janeiro,13.0,9311.0,SSD,Direct Sales,,,
,,,Sales,,,,,,,71.0,2024-10-11,Bahia,44.0,18214.0,RAM,Wholesale,,,
,,,Sales,,,,,,,79.0,2024-09-26,Porto Alegre,73.0,15098.0,Monitor,Retail,,,
,,,Sales,,,,,,,81.0,2024-05-18,Bahia,58.0,29251.0,Wireless Router,Direct Sales,,,
,,,Sales,,,,,,,73.0,2024-06-30,Recife,26.0,38945.0,Motherboard,Online,,,
,,,Sales,,,,,,,43.0,2024-12-06,Fortaleza,53.0,48030.0,Gaming Mouse,Online,,,
,,,Sales,,,,,,,79.0,2024-12-11,Paraná,39.0,26945.0,Monitor,Wholesale,,,
,,,Sales,,,,,,,75.0,2024-12-06,Recife,55.0,26316.0,SSD,Online,,,
,,,Sales,,,,,,,75.0,2024-12-07,Recife,15.0,33217.0,SSD,Retail,,,
,,,Sales,,,,,,,40.0,2024-04-14,Curitiba,46.0,9308.0,Desktop PC,Wholesale,,,
,,,Sales,,,,,,,61.0,2024-11-06,Rio de Janeiro,33.0,6949.0,Tablet,Online,,,
,,,Sales,,,,,,,40.0,2024-10-26,Bahia,55.0,2150.0,Desktop PC,Wholesale,,,
,,,Sales,,,,,,,61.0,2024-07-18,Paraná,62.0,24944.0,Tablet,Online,,,
,,,Sales,,,,,,,54.0,2024-12-03,Curitiba,69.0,35699.0,Toner cartridge,Online,,,
,,,Sales,,,,,,,59.0,2024-09-02,Manaus,72.0,10204.0,CD drive,Online,,,
,,,Sales,,,,,,,64.0,2024-10-03,Recife,62.0,6200.0,Earphones,Direct Sales,,,
,,,Sales,,,,,,,64.0,2024-10-12,Manaus,62.0,6200.0,Earphones,Direct Sales,,,
,,,Sales,,,,,,,70.0,2024-10-27,Bahia,62.0,6200.0,Laptop,Direct Sales,,,
,,,Sales,,,,,,,64.0,2024-12-02,Manaus,9.0,1800.0,Earphones,Direct Sales,,,
,,,Sales,,,,,,,64.0,2024-12-08,Porto Alegre,9.0,1800.0,Earphones,Direct Sales,,,
,,,Sales,,,,,,,70.0,2024-12-25,Rio de Janeiro,9.0,1800.0,Laptop,Direct Sales,,,
,,,Sales,,,,,,,64.0,2024-07-03,Belo Horizonte,2.0,200.0,Earphones,Retail,,,
,,,Sales,,,,,,,64.0,2024-07-28,Curitiba,2.0,200.0,Earphones,Retail,,,
,,,Sales,,,,,,,70.0,2024-07-28,Bahia,2.0,200.0,Laptop,Retail,,,
,,,Sales,,,,,,,64.0,2024-04-06,Belo Horizonte,65.0,6500.0,Earphones,Direct Sales,,,
,,,Sales,,,,,,,64.0,2024-04-22,Rio de Janeiro,65.0,6500.0,Earphones,Direct Sales,,,
,,,Sales,,,,,,,70.0,2024-04-27,Recife,65.0,6500.0,Laptop,Direct Sales,,,
,,,Sales,,,,,,,64.0,2024-01-26,Rio de Janeiro,67.0,13400.0,Earphones,Retail,,,
,,,Sales,,,,,,,64.0,2024-01-17,Recife,67.0,13400.0,Earphones,Retail,,,
,,,Sales,,,,,,,70.0,2024-01-18,Rio de Janeiro,67.0,13400.0,Laptop,Retail,,,
,,,Sales,,,,,,,64.0,2024-09-27,Belo Horizonte,92.0,18400.0,Earphones,Wholesale,,,
,,,Sales,,,,,,,64.0,2024-09-23,São Paulo,92.0,18400.0,Earphones,Wholesale,,,
,,,Sales,,,,,,,70.0,2024-09-20,Salvador,92.0,18400.0,Laptop,Wholesale,,,
,,,Sales,,,,,,,64.0,2024-12-20,Curitiba,63.0,12600.0,Earphones,Direct Sales,,,
,,,Sales,,,,,,,64.0,2024-12-23,Bahia,63.0,12600.0,Earphones,Direct Sales,,,
,,,Sales,,,,,,,70.0,2024-12-30,Porto Alegre,63.0,12600.0,Laptop,Direct Sales,,,
,,,Sales,,,,,,,64.0,2024-10-21,Brasília,25.0,2500.0,Earphones,Direct Sales,,,
,,,Sales,,,,,,,64.0,2024-10-17,Manaus,25.0,2500.0,Earphones,Direct Sales,,,
,,,Sales,,,,,,,70.0,2024-10-13,Rio de Janeiro,25.0,2500.0,Laptop,Direct Sales,,,
,,,Sales,,,,,,,64.0,2024-06-09,Rio de Janeiro,38.0,3800.0,Earphones,Wholesale,,,
,,,Sales,,,,,,,64.0,2024-06-13,Recife,38.0,3800.0,Earphones,Wholesale,,,
,,,Sales,,,,,,,70.0,2024-06-13,Rio de Janeiro,38.0,3800.0,Laptop,Wholesale,,,
,,,Sales,,,,,,,64.0,2024-10-12,Belo Horizonte,31.0,3100.0,Earphones,Online,,,
,,,Sales,,,,,,,64.0,2024-10-11,Bahia,31.0,3100.0,Earphones,Online,,,
,,,Sales,,,,,,,70.0,2024-10-21,Rio de Janeiro,31.0,3100.0,Laptop,Online,,,
,,,Sales,,,,,,,64.0,2024-05-19,Manaus,10.0,39210.0,Earphones,Direct Sales,,,
,,,Sales,,,,,,,64.0,2024-05-26,Porto Alegre,10.0,39210.0,Earphones,Direct Sales,,,
,,,Sales,,,,,,,70.0,2024-05-24,Curitiba,10.0,39210.0,Laptop,Direct Sales,,,
,,,Sales,,,,,,,64.0,2024-01-31,Belo Horizonte,12.0,30592.0,Earphones,Online,,,
,,,Sales,,,,,,,64.0,2024-01-29,Bahia,12.0,30592.0,Earphones,Online,,,
,,,Sales,,,,,,,70.0,2024-01-31,Manaus,12.0,30592.0,Laptop,Online,,,
,,,Sales,,,,,,,64.0,2024-07-15,Belo Horizonte,42.0,23009.0,Earphones,Online,,,
,,,Sales,,,,,,,64.0,2024-07-06,Recife,42.0,23009.0,Earphones,Online,,,
,,,Sales,,,,,,,70.0,2024-07-31,Belo Horizonte,42.0,23009.0,Laptop,Online,,,
,,,Sales,,,,,,,64.0,2024-06-19,Curitiba,42.0,29312.0,Earphones,Direct Sales,,,
,,,Sales,,,,,,,64.0,2024-06-24,Manaus,42.0,29312.0,Earphones,Direct Sales,,,
,,,Sales,,,,,,,70.0,2024-06-15,Manaus,42.0,29312.0,Laptop,Direct Sales,,,
,,,Sales,,,,,,,64.0,2024-07-13,Bahia,26.0,49096.0,Earphones,Online,,,
,,,Sales,,,,,,,64.0,2024-07-13,Rio de Janeiro,26.0,49096.0,Earphones,Online,,,
,,,Sales,,,,,,,70.0,2024-07-11,Belo Horizonte,26.0,49096.0,Laptop,Online,,,
,,,Sales,,,,,,,64.0,2024-10-24,Porto Alegre,68.0,49747.0,Earphones,Online,,,
,,,Sales,,,,,,,64.0,2024-10-20,Curitiba,68.0,49747.0,Earphones,Online,,,
,,,Sales,,,,,,,70.0,2024-10-17,Rio de Janeiro,68.0,49747.0,Laptop,Online,,,
,,,Sales,,,,,,,64.0,2024-12-07,Paraná,31.0,22699.0,Earphones,Online,,,
,,,Sales,,,,,,,64.0,2024-12-31,Bahia,31.0,22699.0,Earphones,Online,,,
,,,Sales,,,,,,,70.0,2024-12-26,Bahia,31.0,22699.0,Laptop,Online,,,
,,,Sales,,,,,,,64.0,2024-07-24,Paraná,62.0,24944.0,Earphones,Online,,,
,,,Sales,,,,,,,64.0,2024-07-04,Bahia,62.0,24944.0,Earphones,Online,,,
,,,Sales,,,,,,,70.0,2024-07-23,Paraná,62.0,24944.0,Laptop,Online,,,
,,,Sales,,,,,,,49.0,2024-04-26,Curitiba,75.0,75000.0,Printer,Retail,,,
,,,Sales,,,,,,,49.0,2024-08-12,Curitiba,1.0,1000.0,Printer,Retail,,,
,,,Sales,,,,,,,49.0,2024-05-25,Rio de Janeiro,27.0,27000.0,Printer,Wholesale,,,
,,,Sales,,,,,,,49.0,2024-08-19,Recife,96.0,96000.0,Printer,Online,,,
,,,Sales,,,,,,,49.0,2024-06-22,Paraná,29.0,29000.0,Printer,Online,,,
,,,Sales,,,,,,,49.0,2024-11-18,Belo Horizonte,76.0,76000.0,Printer,Online,,,
,,,Sales,,,,,,,49.0,2024-05-28,Paraná,28.0,28000.0,Printer,Retail,,,
,,,Sales,,,,,,,49.0,2024-12-08,Manaus,61.0,27641.0,Printer,Retail,,,
,,,Sales,,,,,,,49.0,2024-09-21,Rio de Janeiro,98.0,46681.0,Printer,Online,,,
,,,Sales,,,,,,,49.0,2024-12-20,Paraná,59.0,8455.0,Printer,Direct Sales,,,
,,,Sales,,,,,,,43.0,2024-08-25,Rio de Janeiro,92.0,24840.0,Gaming Mouse,Wholesale,,,
,,,Sales,,,,,,,43.0,2024-08-16,Porto Alegre,92.0,24840.0,Gaming Mouse,Wholesale,,,
,,,Sales,,,,,,,43.0,2024-08-25,Curitiba,92.0,24840.0,Gaming Mouse,Wholesale,,,
,,,Sales,,,,,,,43.0,2024-11-16,Belo Horizonte,52.0,4680.0,Gaming Mouse,Retail,,,
,,,Sales,,,,,,,43.0,2024-11-27,Rio de Janeiro,52.0,4680.0,Gaming Mouse,Retail,,,
,,,Sales,,,,,,,43.0,2024-11-05,Porto Alegre,52.0,4680.0,Gaming Mouse,Retail,,,
,,,Sales,,,,,,,43.0,2024-01-13,Porto Alegre,58.0,3828.0,Gaming Mouse,Retail,,,
,,,Sales,,,,,,,43.0,2024-01-03,Rio de Janeiro,58.0,3828.0,Gaming Mouse,Retail,,,
,,,Sales,,,,,,,43.0,2024-01-04,Manaus,58.0,3828.0,Gaming Mouse,Retail,,,
,,,Sales,,,,,,,43.0,2024-11-07,Bahia,3.0,198.0,Gaming Mouse,Wholesale,,,
,,,Sales,,,,,,,43.0,2024-11-27,Rio de Janeiro,3.0,198.0,Gaming Mouse,Wholesale,,,
,,,Sales,,,,,,,43.0,2024-11-20,Belo Horizonte,3.0,198.0,Gaming Mouse,Wholesale,,,
,,,Sales,,,,,,,43.0,2024-09-25,Bahia,2.0,180.0,Gaming Mouse,Wholesale,,,
,,,Sales,,,,,,,43.0,2024-09-15,Recife,2.0,180.0,Gaming Mouse,Wholesale,,,
,,,Sales,,,,,,,43.0,2024-09-16,Rio de Janeiro,2.0,180.0,Gaming Mouse,Wholesale,,,
,,,Sales,,,,,,,43.0,2024-12-05,Rio de Janeiro,92.0,24840.0,Gaming Mouse,Direct Sales,,,
,,,Sales,,,,,,,43.0,2024-12-24,Rio de Janeiro,92.0,24840.0,Gaming Mouse,Direct Sales,,,
,,,Sales,,,,,,,43.0,2024-12-11,Curitiba,92.0,24840.0,Gaming Mouse,Direct Sales,,,
,,,Sales,,,,,,,43.0,2024-04-12,Belo Horizonte,37.0,9990.0,Gaming Mouse,Online,,,
,,,Sales,,,,,,,43.0,2024-04-20,Paraná,37.0,9990.0,Gaming Mouse,Online,,,
,,,Sales,,,,,,,43.0,2024-04-13,Bahia,37.0,9990.0,Gaming Mouse,Online,,,
,,,Sales,,,,,,,43.0,2024-10-13,Porto Alegre,61.0,16470.0,Gaming Mouse,Direct Sales,,,
,,,Sales,,,,,,,43.0,2024-10-21,Bahia,61.0,16470.0,Gaming Mouse,Direct Sales,,,
,,,Sales,,,,,,,43.0,2024-10-07,Belo Horizonte,61.0,16470.0,Gaming Mouse,Direct Sales,,,
,,,Sales,,,,,,,43.0,2024-05-12,Porto Alegre,54.0,4860.0,Gaming Mouse,Direct Sales,,,
,,,Sales,,,,,,,43.0,2024-05-14,Curitiba,54.0,4860.0,Gaming Mouse,Direct Sales,,,
,,,Sales,,,,,,,43.0,2024-05-27,Salvador,54.0,4860.0,Gaming Mouse,Direct Sales,,,
,,,Sales,,,,,,,43.0,2024-10-31,Curitiba,45.0,12150.0,Gaming Mouse,Wholesale,,,
,,,Sales,,,,,,,43.0,2024-10-17,Rio de Janeiro,45.0,12150.0,Gaming Mouse,Wholesale,,,
,,,Sales,,,,,,,43.0,2024-10-11,Porto Alegre,45.0,12150.0,Gaming Mouse,Wholesale,,,
,,,Sales,,,,,,,43.0,2024-04-27,Paraná,15.0,990.0,Gaming Mouse,Online,,,
,,,Sales,,,,,,,43.0,2024-04-05,Porto Alegre,15.0,990.0,Gaming Mouse,Online,,,
,,,Sales,,,,,,,43.0,2024-04-10,Paraná,15.0,990.0,Gaming Mouse,Online,,,
,,,Sales,,,,,,,43.0,2024-08-10,Belo Horizonte,87.0,7830.0,Gaming Mouse,Online,,,
,,,Sales,,,,,,,43.0,2024-08-07,Paraná,87.0,7830.0,Gaming Mouse,Online,,,
,,,Sales,,,,,,,43.0,2024-08-18,Manaus,87.0,7830.0,Gaming Mouse,Online,,,
,,,Sales,,,,,,,43.0,2024-08-10,Manaus,12.0,3240.0,Gaming Mouse,Online,,,
,,,Sales,,,,,,,43.0,2024-08-06,Rio de Janeiro,12.0,3240.0,Gaming Mouse,Online,,,
,,,Sales,,,,,,,43.0,2024-08-23,Salvador,12.0,3240.0,Gaming Mouse,Online,,,
,,,Sales,,,,,,,43.0,2024-03-22,Salvador,41.0,11070.0,Gaming Mouse,Direct Sales,,,
,,,Sales,,,,,,,43.0,2024-03-05,Belo Horizonte,41.0,11070.0,Gaming Mouse,Direct Sales,,,
,,,Sales,,,,,,,43.0,2024-03-31,Porto Alegre,41.0,11070.0,Gaming Mouse,Direct Sales,,,
,,,Sales,,,,,,,43.0,2024-10-21,Salvador,76.0,11492.0,Gaming Mouse,Wholesale,,,
,,,Sales,,,,,,,43.0,2024-10-22,Rio de Janeiro,76.0,11492.0,Gaming Mouse,Wholesale,,,
,,,Sales,,,,,,,43.0,2024-10-16,Porto Alegre,76.0,11492.0,Gaming Mouse,Wholesale,,,
,,,Sales,,,,,,,43.0,2024-09-03,Bahia,42.0,35584.0,Gaming Mouse,Direct Sales,,,
,,,Sales,,,,,,,43.0,2024-09-08,Paraná,42.0,35584.0,Gaming Mouse,Direct Sales,,,
,,,Sales,,,,,,,43.0,2024-09-20,Belo Horizonte,42.0,35584.0,Gaming Mouse,Direct Sales,,,
,,,Sales,,,,,,,43.0,2024-02-05,Porto Alegre,91.0,1569.0,Gaming Mouse,Retail,,,
,,,Sales,,,,,,,43.0,2024-02-01,Manaus,91.0,1569.0,Gaming Mouse,Retail,,,
,,,Sales,,,,,,,43.0,2024-02-23,Bahia,91.0,1569.0,Gaming Mouse,Retail,,,
,,,Sales,,,,,,,43.0,2024-01-14,Brasília,16.0,36777.0,Gaming Mouse,Retail,,,
,,,Sales,,,,,,,43.0,2024-01-15,Rio de Janeiro,16.0,36777.0,Gaming Mouse,Retail,,,
,,,Sales,,,,,,,43.0,2024-01-02,Curitiba,16.0,36777.0,Gaming Mouse,Retail,,,
,,,Sales,,,,,,,43.0,2024-03-20,Curitiba,30.0,43675.0,Gaming Mouse,Online,,,
,,,Sales,,,,,,,43.0,2024-03-28,Bahia,30.0,43675.0,Gaming Mouse,Online,,,
,,,Sales,,,,,,,43.0,2024-03-23,Manaus,30.0,43675.0,Gaming Mouse,Online,,,
,,,Sales,,,,,,,43.0,2024-03-11,Porto Alegre,29.0,30749.0,Gaming Mouse,Wholesale,,,
,,,Sales,,,,,,,43.0,2024-03-29,Recife,29.0,30749.0,Gaming Mouse,Wholesale,,,
,,,Sales,,,,,,,43.0,2024-03-19,Rio de Janeiro,29.0,30749.0,Gaming Mouse,Wholesale,,,
,,,Sales,,,,,,,43.0,2024-01-11,Curitiba,17.0,16338.0,Gaming Mouse,Direct Sales,,,
,,,Sales,,,,,,,43.0,2024-01-20,Manaus,17.0,16338.0,Gaming Mouse,Direct Sales,,,
,,,Sales,,,,,,,43.0,2024-01-24,Paraná,17.0,16338.0,Gaming Mouse,Direct Sales,,,
,,,Sales,,,,,,,43.0,2024-10-28,Manaus,95.0,22606.0,Gaming Mouse,Wholesale,,,
,,,Sales,,,,,,,43.0,2024-10-21,Brasília,95.0,22606.0,Gaming Mouse,Wholesale,,,
,,,Sales,,,,,,,43.0,2024-10-01,Paraná,95.0,22606.0,Gaming Mouse,Wholesale,,,
,,,Sales,,,,,,,43.0,2024-07-01,Recife,36.0,8987.0,Gaming Mouse,Online,,,
,,,Sales,,,,,,,43.0,2024-07-17,Porto Alegre,36.0,8987.0,Gaming Mouse,Online,,,
,,,Sales,,,,,,,43.0,2024-07-01,Belo Horizonte,36.0,8987.0,Gaming Mouse,Online,,,
,,,Sales,,,,,,,43.0,2024-04-12,São Paulo,37.0,38233.0,Gaming Mouse,Retail,,,
,,,Sales,,,,,,,43.0,2024-04-22,Paraná,37.0,38233.0,Gaming Mouse,Retail,,,
,,,Sales,,,,,,,43.0,2024-04-27,Paraná,37.0,38233.0,Gaming Mouse,Retail,,,
,,,Sales,,,,,,,43.0,2024-10-23,Manaus,44.0,18214.0,Gaming Mouse,Wholesale,,,
,,,Sales,,,,,,,43.0,2024-10-04,Porto Alegre,44.0,18214.0,Gaming Mouse,Wholesale,,,
,,,Sales,,,,,,,43.0,2024-10-04,Recife,44.0,18214.0,Gaming Mouse,Wholesale,,,
,,,Sales,,,,,,,55.0,2024-07-12,Paraná,89.0,6230.0,Power Supply,Direct Sales,,,
,,,Sales,,,,,,,55.0,2024-09-25,Manaus,37.0,2590.0,Power Supply,Online,,,
,,,Sales,,,,,,,55.0,2024-03-29,Curitiba,62.0,4340.0,Power Supply,Wholesale,,,
,,,Sales,,,,,,,55.0,2024-10-08,Curitiba,31.0,2170.0,Power Supply,Online,,,
,,,Sales,,,,,,,55.0,2024-06-09,Paraná,20.0,1400.0,Power Supply,Wholesale,,,
,,,Sales,,,,,,,55.0,2024-05-30,Brasília,44.0,3080.0,Power Supply,Online,,,
,,,Sales,,,,,,,55.0,2024-10-31,Rio de Janeiro,33.0,25376.0,Power Supply,Direct Sales,,,
,,,Sales,,,,,,,55.0,2024-06-06,Manaus,57.0,27258.0,Power Supply,Online,,,
,,,Sales,,,,,,,53.0,2024-12-22,Manaus,62.0,49600.0,Floppy disk,Direct Sales,,,
,,,Sales,,,,,,,53.0,2024-05-28,Manaus,40.0,32000.0,Floppy disk,Direct Sales,,,
,,,Sales,,,,,,,53.0,2024-05-10,Porto Alegre,3.0,2400.0,Floppy disk,Retail,,,
,,,Sales,,,,,,,53.0,2024-07-27,São Paulo,80.0,20778.0,Floppy disk,Direct Sales,,,
,,,Sales,,,,,,,53.0,2024-02-02,Belo Horizonte,34.0,5495.0,Floppy disk,Retail,,,
,,,Sales,,,,,,,53.0,2024-07-28,Curitiba,75.0,23386.0,Floppy disk,Direct Sales,,,
,,,Sales,,,,,,,53.0,2024-04-23,Bahia,17.0,40734.0,Floppy disk,Wholesale,,,
,,,Sales,,,,,,,53.0,2024-07-13,Fortaleza,73.0,18019.0,Floppy disk,Online,,,
,,,Sales,,,,,,,57.0,2024-09-22,Belo Horizonte,97.0,7760.0,DVD drive,Wholesale,,,
,,,Sales,,,,,,,57.0,2024-04-28,Recife,32.0,2560.0,DVD drive,Online,,,
,,,Sales,,,,,,,57.0,2024-07-30,Paraná,19.0,1520.0,DVD drive,Retail,,,
,,,Sales,,,,,,,57.0,2024-12-07,Manaus,72.0,5760.0,DVD drive,Direct Sales,,,
,,,Sales,,,,,,,57.0,2024-03-23,Curitiba,36.0,2880.0,DVD drive,Retail,,,
,,,Sales,,,,,,,57.0,2024-08-08,Curitiba,20.0,35663.0,DVD drive,Direct Sales,,,
,,,Sales,,,,,,,57.0,2024-05-02,Bahia,44.0,33097.0,DVD drive,Wholesale,,,
,,,Sales,,,,,,,57.0,2024-01-24,Belo Horizonte,23.0,32024.0,DVD drive,Wholesale,,,
,,,Sales,,,,,,,58.0,2024-02-19,Curitiba,62.0,55800.0,UPS,Direct Sales,,,
,,,Sales,,,,,,,58.0,2024-05-02,Rio de Janeiro,77.0,69300.0,UPS,Online,,,
,,,Sales,,,,,,,58.0,2024-12-29,Belo Horizonte,27.0,24300.0,UPS,Online,,,
,,,Sales,,,,,,,58.0,2024-05-15,Manaus,27.0,24300.0,UPS,Wholesale,,,
,,,Sales,,,,,,,58.0,2024-04-03,Brasília,5.0,4500.0,UPS,Retail,,,
,,,Sales,,,,,,,58.0,2024-05-25,Bahia,33.0,29700.0,UPS,Online,,,
,,,Sales,,,,,,,58.0,2024-04-16,Bahia,75.0,67500.0,UPS,Online,,,
,,,Sales,,,,,,,58.0,2024-10-06,Bahia,3.0,2700.0,UPS,Direct Sales,,,
,,,Sales,,,,,,,58.0,2024-04-04,Recife,28.0,36743.0,UPS,Online,,,
,,,Sales,,,,,,,58.0,2024-08-21,Recife,50.0,34621.0,UPS,Retail,,,
,,,Sales,,,,,,,58.0,2024-01-20,Manaus,60.0,5142.0,UPS,Online,,,
,,,Sales,,,,,,,37.0,2024-08-27,Recife,3.0,450.0,Hard drive,Online,,,
,,,Sales,,,,,,,37.0,2024-08-12,Belo Horizonte,3.0,450.0,Hard drive,Online,,,
,,,Sales,,,,,,,37.0,2024-08-09,São Paulo,3.0,450.0,Hard drive,Online,,,
,,,Sales,,,,,,,37.0,2024-09-22,Recife,72.0,8640.0,Hard drive,Direct Sales,,,
,,,Sales,,,,,,,37.0,2024-09-18,Rio de Janeiro,72.0,8640.0,Hard drive,Direct Sales,,,
,,,Sales,,,,,,,37.0,2024-09-18,Porto Alegre,72.0,8640.0,Hard drive,Direct Sales,,,
,,,Sales,,,,,,,37.0,2024-12-22,Rio de Janeiro,62.0,7440.0,Hard drive,Wholesale,,,
,,,Sales,,,,,,,37.0,2024-12-12,Bahia,62.0,7440.0,Hard drive,Wholesale,,,
,,,Sales,,,,,,,37.0,2024-12-04,Recife,62.0,7440.0,Hard drive,Wholesale,,,
,,,Sales,,,,,,,37.0,2024-08-13,Paraná,88.0,13200.0,Hard drive,Retail,,,
,,,Sales,,,,,,,37.0,2024-08-08,Manaus,88.0,13200.0,Hard drive,Retail,,,
,,,Sales,,,,,,,37.0,2024-08-17,Manaus,88.0,13200.0,Hard drive,Retail,,,
,,,Sales,,,,,,,37.0,2024-10-18,Porto Alegre,81.0,9720.0,Hard drive,Wholesale,,,
,,,Sales,,,,,,,37.0,2024-10-05,Brasília,81.0,9720.0,Hard drive,Wholesale,,,
,,,Sales,,,,,,,37.0,2024-10-11,Recife,81.0,9720.0,Hard drive,Wholesale,,,
,,,Sales,,,,,,,37.0,2024-12-05,Curitiba,97.0,11640.0,Hard drive,Direct Sales,,,
,,,Sales,,,,,,,37.0,2024-12-07,Paraná,97.0,11640.0,Hard drive,Direct Sales,,,
,,,Sales,,,,,,,37.0,2024-12-15,Bahia,97.0,11640.0,Hard drive,Direct Sales,,,
,,,Sales,,,,,,,37.0,2024-12-04,Recife,9.0,1350.0,Hard drive,Online,,,
,,,Sales,,,,,,,37.0,2024-12-19,Recife,9.0,1350.0,Hard drive,Online,,,
,,,Sales,,,,,,,37.0,2024-12-26,Porto Alegre,9.0,1350.0,Hard drive,Online,,,
,,,Sales,,,,,,,37.0,2024-10-09,Salvador,71.0,8520.0,Hard drive,Online,,,
,,,Sales,,,,,,,37.0,2024-10-18,Recife,71.0,8520.0,Hard drive,Online,,,
,,,Sales,,,,,,,37.0,2024-10-22,Bahia,71.0,8520.0,Hard drive,Online,,,
,,,Sales,,,,,,,37.0,2024-10-11,Recife,39.0,5850.0,Hard drive,Retail,,,
,,,Sales,,,,,,,37.0,2024-10-11,Fortaleza,39.0,5850.0,Hard drive,Retail,,,
,,,Sales,,,,,,,37.0,2024-10-30,Manaus,39.0,5850.0,Hard drive,Retail,,,
,,,Sales,,,,,,,37.0,2024-12-26,Manaus,61.0,9150.0,Hard drive,Retail,,,
,,,Sales,,,,,,,37.0,2024-12-09,Paraná,61.0,9150.0,Hard drive,Retail,,,
,,,Sales,,,,,,,37.0,2024-12-19,Manaus,61.0,9150.0,Hard drive,Retail,,,
,,,Sales,,,,,,,37.0,2024-07-24,Manaus,85.0,12750.0,Hard drive,Online,,,
,,,Sales,,,,,,,37.0,2024-07-11,Rio de Janeiro,85.0,12750.0,Hard drive,Online,,,
,,,Sales,,,,,,,37.0,2024-07-09,Fortaleza,85.0,12750.0,Hard drive,Online,,,
,,,Sales,,,,,,,37.0,2024-10-06,Recife,20.0,2400.0,Hard drive,Online,,,
,,,Sales,,,,,,,37.0,2024-10-08,Porto Alegre,20.0,2400.0,Hard drive,Online,,,
,,,Sales,,,,,,,37.0,2024-10-27,Bahia,20.0,2400.0,Hard drive,Online,,,
,,,Sales,,,,,,,37.0,2024-06-05,Rio de Janeiro,18.0,2160.0,Hard drive,Retail,,,
,,,Sales,,,,,,,37.0,2024-06-15,Recife,18.0,2160.0,Hard drive,Retail,,,
,,,Sales,,,,,,,37.0,2024-06-09,Manaus,18.0,2160.0,Hard drive,Retail,,,
,,,Sales,,,,,,,37.0,2024-04-14,Bahia,75.0,18000.0,Hard drive,Direct Sales,,,
,,,Sales,,,,,,,37.0,2024-04-15,Rio de Janeiro,75.0,18000.0,Hard drive,Direct Sales,,,
,,,Sales,,,,,,,37.0,2024-04-04,Manaus,75.0,18000.0,Hard drive,Direct Sales,,,
,,,Sales,,,,,,,37.0,2024-12-21,Curitiba,8.0,960.0,Hard drive,Online,,,
,,,Sales,,,,,,,37.0,2024-12-15,Bahia,8.0,960.0,Hard drive,Online,,,
,,,Sales,,,,,,,37.0,2024-12-17,Bahia,8.0,960.0,Hard drive,Online,,,
,,,Sales,,,,,,,37.0,2024-07-17,Rio de Janeiro,99.0,11729.0,Hard drive,Retail,,,
,,,Sales,,,,,,,37.0,2024-07-29,Rio de Janeiro,99.0,11729.0,Hard drive,Retail,,,
,,,Sales,,,,,,,37.0,2024-07-18,Manaus,99.0,11729.0,Hard drive,Retail,,,
,,,Sales,,,,,,,37.0,2024-01-10,Recife,10.0,1784.0,Hard drive,Direct Sales,,,
,,,Sales,,,,,,,37.0,2024-01-08,Porto Alegre,10.0,1784.0,Hard drive,Direct Sales,,,
,,,Sales,,,,,,,37.0,2024-01-04,Paraná,10.0,1784.0,Hard drive,Direct Sales,,,
,,,Sales,,,,,,,37.0,2024-03-05,Belo Horizonte,41.0,41111.0,Hard drive,Direct Sales,,,
,,,Sales,,,,,,,37.0,2024-03-31,Rio de Janeiro,41.0,41111.0,Hard drive,Direct Sales,,,
,,,Sales,,,,,,,37.0,2024-03-04,Porto Alegre,41.0,41111.0,Hard drive,Direct Sales,,,
,,,Sales,,,,,,,37.0,2024-03-31,Paraná,57.0,20190.0,Hard drive,Wholesale,,,
,,,Sales,,,,,,,37.0,2024-03-04,Porto Alegre,57.0,20190.0,Hard drive,Wholesale,,,
,,,Sales,,,,,,,37.0,2024-03-04,Recife,57.0,20190.0,Hard drive,Wholesale,,,
,,,Sales,,,,,,,37.0,2024-11-12,Manaus,77.0,23677.0,Hard drive,Retail,,,
,,,Sales,,,,,,,37.0,2024-11-13,Manaus,77.0,23677.0,Hard drive,Retail,,,
,,,Sales,,,,,,,37.0,2024-11-20,Recife,77.0,23677.0,Hard drive,Retail,,,
,,,Sales,,,,,,,37.0,2024-07-13,Paraná,47.0,33093.0,Hard drive,Wholesale,,,
,,,Sales,,,,,,,37.0,2024-07-07,Porto Alegre,47.0,33093.0,Hard drive,Wholesale,,,
,,,Sales,,,,,,,37.0,2024-07-17,Manaus,47.0,33093.0,Hard drive,Wholesale,,,
,,,Sales,,,,,,,37.0,2024-11-09,Paraná,78.0,47185.0,Hard drive,Wholesale,,,
,,,Sales,,,,,,,37.0,2024-11-30,Manaus,78.0,47185.0,Hard drive,Wholesale,,,
,,,Sales,,,,,,,37.0,2024-11-05,Belo Horizonte,78.0,47185.0,Hard drive,Wholesale,,,
,,,Sales,,,,,,,37.0,2024-05-07,Recife,58.0,29251.0,Hard drive,Direct Sales,,,
,,,Sales,,,,,,,37.0,2024-05-03,Rio de Janeiro,58.0,29251.0,Hard drive,Direct Sales,,,
,,,Sales,,,,,,,37.0,2024-05-05,Belo Horizonte,58.0,29251.0,Hard drive,Direct Sales,,,
,,,Sales,,,,,,,37.0,2024-09-08,Manaus,72.0,10204.0,Hard drive,Online,,,
,,,Sales,,,,,,,37.0,2024-09-15,Paraná,72.0,10204.0,Hard drive,Online,,,
,,,Sales,,,,,,,37.0,2024-09-21,Porto Alegre,72.0,10204.0,Hard drive,Online,,,
,,,Sales,,,,,,,56.0,2024-10-23,Recife,70.0,8400.0,Cooling System,Wholesale,,,
,,,Sales,,,,,,,56.0,2024-07-30,Bahia,44.0,5280.0,Cooling System,Wholesale,,,
,,,Sales,,,,,,,56.0,2024-12-29,Brasília,19.0,2280.0,Cooling System,Online,,,
,,,Sales,,,,,,,56.0,2024-05-20,Bahia,39.0,4680.0,Cooling System,Direct Sales,,,
,,,Sales,,,,,,,56.0,2024-05-23,Salvador,99.0,11880.0,Cooling System,Online,,,
,,,Sales,,,,,,,56.0,2024-12-22,Paraná,90.0,10800.0,Cooling System,Wholesale,,,
,,,Sales,,,,,,,56.0,2024-01-24,Fortaleza,58.0,6960.0,Cooling System,Online,,,
,,,Sales,,,,,,,56.0,2024-03-11,Bahia,60.0,7200.0,Cooling System,Online,,,
,,,Sales,,,,,,,56.0,2024-05-23,Rio de Janeiro,16.0,3491.0,Cooling System,Online,,,
,,,Sales,,,,,,,56.0,2024-09-25,Curitiba,85.0,4051.0,Cooling System,Wholesale,,,
,,,Sales,,,,,,,56.0,2024-02-25,Curitiba,13.0,9311.0,Cooling System,Direct Sales,,,
,,,Sales,,,,,,,56.0,2024-10-05,Paraná,55.0,2150.0,Cooling System,Wholesale,,,
,,,Sales,,,,,,,68.0,2024-01-24,São Paulo,97.0,9700.0,Smartphone,Direct Sales,,,
,,,Sales,,,,,,,68.0,2024-01-20,Paraná,97.0,9700.0,Smartphone,Direct Sales,,,
,,,Sales,,,,,,,68.0,2024-05-03,Porto Alegre,90.0,13500.0,Smartphone,Online,,,
,,,Sales,,,,,,,68.0,2024-05-11,Bahia,90.0,13500.0,Smartphone,Online,,,
,,,Sales,,,,,,,68.0,2024-07-25,Curitiba,66.0,6600.0,Smartphone,Retail,,,
,,,Sales,,,,,,,68.0,2024-07-11,Salvador,66.0,6600.0,Smartphone,Retail,,,
,,,Sales,,,,,,,68.0,2024-01-29,Curitiba,45.0,4500.0,Smartphone,Direct Sales,,,
,,,Sales,,,,,,,68.0,2024-01-27,Paraná,45.0,4500.0,Smartphone,Direct Sales,,,
,,,Sales,,,,,,,68.0,2024-03-19,Rio de Janeiro,36.0,3600.0,Smartphone,Wholesale,,,
,,,Sales,,,,,,,68.0,2024-03-08,Curitiba,36.0,3600.0,Smartphone,Wholesale,,,
,,,Sales,,,,,,,68.0,2024-07-19,Porto Alegre,74.0,7400.0,Smartphone,Wholesale,,,
,,,Sales,,,,,,,68.0,2024-07-07,Porto Alegre,74.0,7400.0,Smartphone,Wholesale,,,
,,,Sales,,,,,,,68.0,2024-02-23,Paraná,58.0,8700.0,Smartphone,Retail,,,
,,,Sales,,,,,,,68.0,2024-02-20,Manaus,58.0,8700.0,Smartphone,Retail,,,
,,,Sales,,,,,,,68.0,2024-08-18,Recife,72.0,7200.0,Smartphone,Retail,,,
,,,Sales,,,,,,,68.0,2024-08-17,Rio de Janeiro,72.0,7200.0,Smartphone,Retail,,,
,,,Sales,,,,,,,68.0,2024-01-12,Paraná,39.0,3900.0,Smartphone,Online,,,
,,,Sales,,,,,,,68.0,2024-01-23,Belo Horizonte,39.0,3900.0,Smartphone,Online,,,
,,,Sales,,,,,,,68.0,2024-12-07,Belo Horizonte,58.0,5800.0,Smartphone,Wholesale,,,
,,,Sales,,,,,,,68.0,2024-12-16,Belo Horizonte,58.0,5800.0,Smartphone,Wholesale,,,
,,,Sales,,,,,,,68.0,2024-05-22,Salvador,45.0,4500.0,Smartphone,Direct Sales,,,
,,,Sales,,,,,,,68.0,2024-05-30,Recife,45.0,4500.0,Smartphone,Direct Sales,,,
,,,Sales,,,,,,,68.0,2024-02-27,Curitiba,14.0,1400.0,Smartphone,Direct Sales,,,
,,,Sales,,,,,,,68.0,2024-02-08,Manaus,14.0,1400.0,Smartphone,Direct Sales,,,
,,,Sales,,,,,,,68.0,2024-08-31,Curitiba,28.0,4200.0,Smartphone,Wholesale,,,
,,,Sales,,,,,,,68.0,2024-08-31,Porto Alegre,28.0,4200.0,Smartphone,Wholesale,,,
,,,Sales,,,,,,,68.0,2024-12-04,Curitiba,92.0,9200.0,Smartphone,Wholesale,,,
,,,Sales,,,,,,,68.0,2024-12-18,Fortaleza,92.0,9200.0,Smartphone,Wholesale,,,
,,,Sales,,,,,,,68.0,2024-08-22,Recife,29.0,7102.0,Smartphone,Wholesale,,,
,,,Sales,,,,,,,68.0,2024-08-13,Manaus,29.0,7102.0,Smartphone,Wholesale,,,
,,,Sales,,,,,,,68.0,2024-08-31,Recife,49.0,33745.0,Smartphone,Direct Sales,,,
,,,Sales,,,,,,,68.0,2024-08-15,Belo Horizonte,49.0,33745.0,Smartphone,Direct Sales,,,
,,,Sales,,,,,,,68.0,2024-08-11,Bahia,78.0,41328.0,Smartphone,Online,,,
,,,Sales,,,,,,,68.0,2024-08-16,Bahia,78.0,41328.0,Smartphone,Online,,,
,,,Sales,,,,,,,68.0,2024-05-20,Porto Alegre,33.0,9716.0,Smartphone,Online,,,
,,,Sales,,,,,,,68.0,2024-05-21,Manaus,33.0,9716.0,Smartphone,Online,,,
,,,Sales,,,,,,,68.0,2024-01-28,Curitiba,27.0,11893.0,Smartphone,Retail,,,
,,,Sales,,,,,,,68.0,2024-01-19,Manaus,27.0,11893.0,Smartphone,Retail,,,
,,,Sales,,,,,,,68.0,2024-07-11,São Paulo,91.0,26547.0,Smartphone,Wholesale,,,
,,,Sales,,,,,,,68.0,2024-07-23,Porto Alegre,91.0,26547.0,Smartphone,Wholesale,,,
,,,Sales,,,,,,,68.0,2024-08-08,Rio de Janeiro,63.0,14403.0,Smartphone,Online,,,
,,,Sales,,,,,,,68.0,2024-08-08,Paraná,63.0,14403.0,Smartphone,Online,,,
,,,Sales,,,,,,,68.0,2024-11-09,Bahia,39.0,29940.0,Smartphone,Online,,,
,,,Sales,,,,,,,68.0,2024-11-25,Manaus,39.0,29940.0,Smartphone,Online,,,
,,,Sales,,,,,,,68.0,2024-06-23,Belo Horizonte,26.0,38945.0,Smartphone,Online,,,
,,,Sales,,,,,,,68.0,2024-06-04,Paraná,26.0,38945.0,Smartphone,Online,,,
,,,Sales,,,,,,,68.0,2024-11-26,Paraná,33.0,6949.0,Smartphone,Online,,,
,,,Sales,,,,,,,68.0,2024-11-09,Bahia,33.0,6949.0,Smartphone,Online,,,
,,,Sales,,,,,,,50.0,2024-09-22,Fortaleza,51.0,25500.0,Headphones,Online,,,
,,,Sales,,,,,,,50.0,2024-12-11,Recife,32.0,16000.0,Headphones,Online,,,
,,,Sales,,,,,,,50.0,2024-12-10,São Paulo,42.0,21000.0,Headphones,Retail,,,
,,,Sales,,,,,,,50.0,2024-03-08,Paraná,89.0,44500.0,Headphones,Retail,,,
,,,Sales,,,,,,,50.0,2024-09-19,Rio de Janeiro,90.0,45000.0,Headphones,Wholesale,,,
,,,Sales,,,,,,,50.0,2024-07-19,Curitiba,74.0,37000.0,Headphones,Direct Sales,,,
,,,Sales,,,,,,,50.0,2024-01-31,Porto Alegre,16.0,8000.0,Headphones,Wholesale,,,
,,,Sales,,,,,,,50.0,2024-08-25,Paraná,21.0,41864.0,Headphones,Online,,,
,,,Sales,,,,,,,50.0,2024-03-11,Brasília,89.0,39754.0,Headphones,Online,,,
,,,Sales,,,,,,,50.0,2024-10-04,Fortaleza,63.0,24355.0,Headphones,Direct Sales,,,
,,,Sales,,,,,,,50.0,2024-03-19,Belo Horizonte,89.0,14121.0,Headphones,Online,,,
,,,Sales,,,,,,,50.0,2024-07-04,Porto Alegre,30.0,40567.0,Headphones,Online,,,
,,,Sales,,,,,,,50.0,2024-12-30,Porto Alegre,69.0,35699.0,Headphones,Online,,,
,,,Sales,,,,,,,59.0,2024-09-30,Curitiba,24.0,6000.0,CD drive,Direct Sales,,,
,,,Sales,,,,,,,59.0,2024-03-06,Bahia,39.0,9750.0,CD drive,Online,,,
,,,Sales,,,,,,,59.0,2024-07-25,Recife,83.0,20750.0,CD drive,Retail,,,
,,,Sales,,,,,,,59.0,2024-08-02,Curitiba,8.0,2000.0,CD drive,Wholesale,,,
,,,Sales,,,,,,,59.0,2024-10-02,Porto Alegre,21.0,5250.0,CD drive,Wholesale,,,
,,,Sales,,,,,,,59.0,2024-03-15,Rio de Janeiro,54.0,13500.0,CD drive,Online,,,
,,,Sales,,,,,,,59.0,2024-01-23,Belo Horizonte,8.0,2000.0,CD drive,Wholesale,,,
,,,Sales,,,,,,,59.0,2024-05-11,Bahia,48.0,24093.0,CD drive,Direct Sales,,,
,,,Sales,,,,,,,59.0,2024-12-28,Belo Horizonte,40.0,12093.0,CD drive,Direct Sales,,,
,,,Sales,,,,,,,59.0,2024-08-14,São Paulo,11.0,46017.0,CD drive,Retail,,,
,,,Sales,,,,,,,59.0,2024-08-18,Bahia,28.0,6801.0,CD drive,Retail,,,
,,,Sales,,,,,,,59.0,2024-05-27,Recife,57.0,5777.0,CD drive,Online,,,
,,,Sales,,,,,,,59.0,2024-03-21,Recife,39.0,1876.0,CD drive,Retail,,,
,,,Sales,,,,,,,61.0,2024-08-17,Belo Horizonte,79.0,4740.0,Tablet,Online,,,
,,,Sales,,,,,,,69.0,2024-08-06,Curitiba,79.0,4740.0,Graphics Card,Online,,,
,,,Sales,,,,,,,61.0,2024-10-27,Curitiba,13.0,780.0,Tablet,Wholesale,,,
,,,Sales,,,,,,,69.0,2024-10-09,Rio de Janeiro,13.0,780.0,Graphics Card,Wholesale,,,
,,,Sales,,,,,,,61.0,2024-01-20,Bahia,92.0,5520.0,Tablet,Retail,,,
,,,Sales,,,,,,,69.0,2024-01-06,Paraná,92.0,5520.0,Graphics Card,Retail,,,
,,,Sales,,,,,,,61.0,2024-10-31,Rio de Janeiro,57.0,3420.0,Tablet,Retail,,,
,,,Sales,,,,,,,69.0,2024-10-08,São Paulo,57.0,3420.0,Graphics Card,Retail,,,
,,,Sales,,,,,,,61.0,2024-10-14,Manaus,66.0,37631.0,Tablet,Direct Sales,,,
,,,Sales,,,,,,,69.0,2024-10-11,Belo Horizonte,66.0,37631.0,Graphics Card,Direct Sales,,,
,,,Sales,,,,,,,61.0,2024-12-15,Rio de Janeiro,70.0,11966.0,Tablet,Retail,,,
,,,Sales,,,,,,,69.0,2024-12-08,Porto Alegre,70.0,11966.0,Graphics Card,Retail,,,
,,,Sales,,,,,,,75.0,2024-01-16,Bahia,59.0,8850.0,SSD,Wholesale,,,
,,,Sales,,,,,,,73.0,2024-01-16,Recife,59.0,8850.0,Motherboard,Wholesale,,,
,,,Sales,,,,,,,73.0,2024-01-22,Porto Alegre,59.0,8850.0,Motherboard,Wholesale,,,
,,,Sales,,,,,,,75.0,2024-10-15,Belo Horizonte,2.0,300.0,SSD,Retail,,,
,,,Sales,,,,,,,73.0,2024-10-11,Fortaleza,2.0,300.0,Motherboard,Retail,,,
,,,Sales,,,,,,,73.0,2024-10-04,Paraná,2.0,300.0,Motherboard,Retail,,,
,,,Sales,,,,,,,75.0,2024-05-25,Paraná,61.0,9150.0,SSD,Wholesale,,,
,,,Sales,,,,,,,73.0,2024-05-16,Porto Alegre,61.0,9150.0,Motherboard,Wholesale,,,
,,,Sales,,,,,,,73.0,2024-05-03,Recife,61.0,9150.0,Motherboard,Wholesale,,,
,,,Sales,,,,,,,75.0,2024-03-11,Rio de Janeiro,62.0,9300.0,SSD,Retail,,,
,,,Sales,,,,,,,73.0,2024-03-27,Manaus,62.0,9300.0,Motherboard,Retail,,,
,,,Sales,,,,,,,73.0,2024-03-17,Belo Horizonte,62.0,9300.0,Motherboard,Retail,,,
,,,Sales,,,,,,,75.0,2024-04-11,Recife,24.0,3600.0,SSD,Retail,,,
,,,Sales,,,,,,,73.0,2024-04-24,Curitiba,24.0,3600.0,Motherboard,Retail,,,
,,,Sales,,,,,,,73.0,2024-04-19,Curitiba,24.0,3600.0,Motherboard,Retail,,,
,,,Sales,,,,,,,75.0,2024-12-31,Paraná,32.0,5014.0,SSD,Retail,,,
,,,Sales,,,,,,,73.0,2024-12-10,Rio de Janeiro,32.0,5014.0,Motherboard,Retail,,,
,,,Sales,,,,,,,73.0,2024-12-22,Bahia,32.0,5014.0,Motherboard,Retail,,,
,,,Sales,,,,,,,75.0,2024-09-29,Rio de Janeiro,25.0,17538.0,SSD,Direct Sales,,,
,,,Sales,,,,,,,73.0,2024-09-27,Salvador,25.0,17538.0,Motherboard,Direct Sales,,,
,,,Sales,,,,,,,73.0,2024-09-21,Curitiba,25.0,17538.0,Motherboard,Direct Sales,,,
,,,Sales,,,,,,,75.0,2024-12-05,Manaus,57.0,28751.0,SSD,Direct Sales,,,
,,,Sales,,,,,,,73.0,2024-12-09,Curitiba,57.0,28751.0,Motherboard,Direct Sales,,,
,,,Sales,,,,,,,73.0,2024-12-04,São Paulo,57.0,28751.0,Motherboard,Direct Sales,,,
,,,Sales,,,,,,,52.0,2024-08-28,Curitiba,52.0,15600.0,DVD burner,Wholesale,,,
,,,Sales,,,,,,,52.0,2024-01-26,Bahia,2.0,600.0,DVD burner,Wholesale,,,
,,,Sales,,,,,,,52.0,2024-07-03,Manaus,54.0,16200.0,DVD burner,Online,,,
,,,Sales,,,,,,,52.0,2024-07-18,Manaus,53.0,15900.0,DVD burner,Wholesale,,,
,,,Sales,,,,,,,52.0,2024-02-23,Fortaleza,86.0,25800.0,DVD burner,Direct Sales,,,
,,,Sales,,,,,,,52.0,2024-12-15,Curitiba,17.0,5100.0,DVD burner,Online,,,
,,,Sales,,,,,,,52.0,2024-12-31,Manaus,70.0,21000.0,DVD burner,Wholesale,,,
,,,Sales,,,,,,,52.0,2024-10-28,Curitiba,47.0,14100.0,DVD burner,Online,,,
,,,Sales,,,,,,,52.0,2024-02-27,Porto Alegre,96.0,28800.0,DVD burner,Wholesale,,,
,,,Sales,,,,,,,52.0,2024-11-08,Salvador,57.0,20508.0,DVD burner,Direct Sales,,,
,,,Sales,,,,,,,52.0,2024-03-15,Bahia,70.0,19077.0,DVD burner,Wholesale,,,
,,,Sales,,,,,,,40.0,2024-03-09,Paraná,12.0,60.0,Desktop PC,Retail,,,
,,,Sales,,,,,,,40.0,2024-03-15,Belo Horizonte,12.0,60.0,Desktop PC,Retail,,,
,,,Sales,,,,,,,40.0,2024-03-18,Recife,12.0,60.0,Desktop PC,Retail,,,
,,,Sales,,,,,,,40.0,2024-08-05,Porto Alegre,96.0,480.0,Desktop PC,Retail,,,
,,,Sales,,,,,,,40.0,2024-08-26,Curitiba,96.0,480.0,Desktop PC,Retail,,,
,,,Sales,,,,,,,40.0,2024-08-27,Manaus,96.0,480.0,Desktop PC,Retail,,,
,,,Sales,,,,,,,40.0,2024-02-13,Paraná,1.0,180.0,Desktop PC,Online,,,
,,,Sales,,,,,,,40.0,2024-02-12,Bahia,1.0,180.0,Desktop PC,Online,,,
,,,Sales,,,,,,,40.0,2024-02-23,Porto Alegre,1.0,180.0,Desktop PC,Online,,,
,,,Sales,,,,,,,40.0,2024-01-27,Porto Alegre,19.0,95.0,Desktop PC,Online,,,
,,,Sales,,,,,,,40.0,2024-01-22,Recife,19.0,95.0,Desktop PC,Online,,,
,,,Sales,,,,,,,40.0,2024-01-06,Belo Horizonte,19.0,95.0,Desktop PC,Online,,,
,,,Sales,,,,,,,40.0,2024-08-30,Recife,4.0,20.0,Desktop PC,Online,,,
,,,Sales,,,,,,,40.0,2024-08-27,Belo Horizonte,4.0,20.0,Desktop PC,Online,,,
,,,Sales,,,,,,,40.0,2024-08-08,Recife,4.0,20.0,Desktop PC,Online,,,
,,,Sales,,,,,,,40.0,2024-07-05,Manaus,1.0,240.0,Desktop PC,Online,,,
,,,Sales,,,,,,,40.0,2024-07-07,Rio de Janeiro,1.0,240.0,Desktop PC,Online,,,
,,,Sales,,,,,,,40.0,2024-07-06,Belo Horizonte,1.0,240.0,Desktop PC,Online,,,
,,,Sales,,,,,,,40.0,2024-06-18,Recife,77.0,385.0,Desktop PC,Direct Sales,,,
,,,Sales,,,,,,,40.0,2024-06-13,Paraná,77.0,385.0,Desktop PC,Direct Sales,,,
,,,Sales,,,,,,,40.0,2024-06-06,Bahia,77.0,385.0,Desktop PC,Direct Sales,,,
,,,Sales,,,,,,,40.0,2024-03-12,Bahia,56.0,10080.0,Desktop PC,Direct Sales,,,
,,,Sales,,,,,,,40.0,2024-03-11,Rio de Janeiro,56.0,10080.0,Desktop PC,Direct Sales,,,
,,,Sales,,,,,,,40.0,2024-03-14,Recife,56.0,10080.0,Desktop PC,Direct Sales,,,
,,,Sales,,,,,,,40.0,2024-11-23,Manaus,50.0,9000.0,Desktop PC,Retail,,,
,,,Sales,,,,,,,40.0,2024-11-26,Recife,50.0,9000.0,Desktop PC,Retail,,,
,,,Sales,,,,,,,40.0,2024-11-28,Bahia,50.0,9000.0,Desktop PC,Retail,,,
,,,Sales,,,,,,,40.0,2024-09-27,Paraná,51.0,19070.0,Desktop PC,Direct Sales,,,
,,,Sales,,,,,,,40.0,2024-09-06,Belo Horizonte,51.0,19070.0,Desktop PC,Direct Sales,,,
,,,Sales,,,,,,,40.0,2024-09-12,Fortaleza,51.0,19070.0,Desktop PC,Direct Sales,,,
,,,Sales,,,,,,,40.0,2024-11-27,Porto Alegre,46.0,13533.0,Desktop PC,Direct Sales,,,
,,,Sales,,,,,,,40.0,2024-11-26,Porto Alegre,46.0,13533.0,Desktop PC,Direct Sales,,,
,,,Sales,,,,,,,40.0,2024-11-25,Porto Alegre,46.0,13533.0,Desktop PC,Direct Sales,,,
,,,Sales,,,,,,,40.0,2024-03-04,Belo Horizonte,42.0,32289.0,Desktop PC,Retail,,,
,,,Sales,,,,,,,40.0,2024-03-20,Curitiba,42.0,32289.0,Desktop PC,Retail,,,
,,,Sales,,,,,,,40.0,2024-03-16,Porto Alegre,42.0,32289.0,Desktop PC,Retail,,,
,,,Sales,,,,,,,40.0,2024-10-11,Paraná,76.0,28236.0,Desktop PC,Retail,,,
,,,Sales,,,,,,,40.0,2024-10-22,Paraná,76.0,28236.0,Desktop PC,Retail,,,
,,,Sales,,,,,,,40.0,2024-10-31,Manaus,76.0,28236.0,Desktop PC,Retail,,,
,,,Sales,,,,,,,40.0,2024-12-03,Curitiba,28.0,22136.0,Desktop PC,Online,,,
,,,Sales,,,,,,,40.0,2024-12-30,Porto Alegre,28.0,22136.0,Desktop PC,Online,,,
,,,Sales,,,,,,,40.0,2024-12-16,Porto Alegre,28.0,22136.0,Desktop PC,Online,,,
,,,Sales,,,,,,,40.0,2024-09-19,Manaus,73.0,15098.0,Desktop PC,Retail,,,
,,,Sales,,,,,,,40.0,2024-09-08,Fortaleza,73.0,15098.0,Desktop PC,Retail,,,
,,,Sales,,,,,,,40.0,2024-09-11,Brasília,73.0,15098.0,Desktop PC,Retail,,,
,,,Sales,,,,,,,40.0,2024-12-14,Salvador,53.0,48030.0,Desktop PC,Online,,,
,,,Sales,,,,,,,40.0,2024-12-22,Recife,53.0,48030.0,Desktop PC,Online,,,
,,,Sales,,,,,,,40.0,2024-12-19,Rio de Janeiro,53.0,48030.0,Desktop PC,Online,,,
,,,Sales,,,,,,,40.0,2024-12-16,Belo Horizonte,15.0,33217.0,Desktop PC,Retail,,,
,,,Sales,,,,,,,40.0,2024-12-10,Porto Alegre,15.0,33217.0,Desktop PC,Retail,,,
,,,Sales,,,,,,,40.0,2024-12-15,Belo Horizonte,15.0,33217.0,Desktop PC,Retail,,,
,,,Sales,,,,,,,70.0,2024-05-15,Curitiba,56.0,5600.0,Laptop,Online,,,
,,,Sales,,,,,,,66.0,2024-05-23,Belo Horizonte,56.0,5600.0,Processor,Online,,,
,,,Sales,,,,,,,66.0,2024-05-25,Porto Alegre,56.0,5600.0,Processor,Online,,,
,,,Sales,,,,,,,70.0,2024-08-09,Rio de Janeiro,44.0,4400.0,Laptop,Retail,,,
,,,Sales,,,,,,,66.0,2024-08-22,Rio de Janeiro,44.0,4400.0,Processor,Retail,,,
,,,Sales,,,,,,,66.0,2024-08-25,Rio de Janeiro,44.0,4400.0,Processor,Retail,,,
,,,Sales,,,,,,,70.0,2024-09-05,Porto Alegre,6.0,480.0,Laptop,Online,,,
,,,Sales,,,,,,,66.0,2024-09-03,Rio de Janeiro,6.0,480.0,Processor,Online,,,
,,,Sales,,,,,,,66.0,2024-09-07,Manaus,6.0,480.0,Processor,Online,,,
,,,Sales,,,,,,,70.0,2024-01-20,Rio de Janeiro,45.0,11250.0,Laptop,Wholesale,,,
,,,Sales,,,,,,,66.0,2024-01-03,Recife,45.0,11250.0,Processor,Wholesale,,,
,,,Sales,,,,,,,66.0,2024-01-26,Paraná,45.0,11250.0,Processor,Wholesale,,,
,,,Sales,,,,,,,70.0,2024-05-06,Curitiba,80.0,6400.0,Laptop,Direct Sales,,,
,,,Sales,,,,,,,66.0,2024-05-22,Salvador,80.0,6400.0,Processor,Direct Sales,,,
,,,Sales,,,,,,,66.0,2024-05-07,Porto Alegre,80.0,6400.0,Processor,Direct Sales,,,
,,,Sales,,,,,,,70.0,2024-01-27,Recife,36.0,9000.0,Laptop,Direct Sales,,,
,,,Sales,,,,,,,66.0,2024-01-08,Belo Horizonte,36.0,9000.0,Processor,Direct Sales,,,
,,,Sales,,,,,,,66.0,2024-01-30,Paraná,36.0,9000.0,Processor,Direct Sales,,,
,,,Sales,,,,,,,70.0,2024-05-06,Belo Horizonte,47.0,4700.0,Laptop,Direct Sales,,,
,,,Sales,,,,,,,66.0,2024-05-10,São Paulo,47.0,4700.0,Processor,Direct Sales,,,
,,,Sales,,,,,,,66.0,2024-05-08,Belo Horizonte,47.0,4700.0,Processor,Direct Sales,,,
,,,Sales,,,,,,,70.0,2024-10-22,Belo Horizonte,1.0,100.0,Laptop,Wholesale,,,
,,,Sales,,,,,,,66.0,2024-10-18,Bahia,1.0,100.0,Processor,Wholesale,,,
,,,Sales,,,,,,,66.0,2024-10-19,Rio de Janeiro,1.0,100.0,Processor,Wholesale,,,
,,,Sales,,,,,,,70.0,2024-02-23,Curitiba,92.0,23000.0,Laptop,Online,,,
,,,Sales,,,,,,,66.0,2024-02-10,Paraná,92.0,23000.0,Processor,Online,,,
,,,Sales,,,,,,,66.0,2024-02-25,Porto Alegre,92.0,23000.0,Processor,Online,,,
,,,Sales,,,,,,,70.0,2024-09-15,Paraná,69.0,35177.0,Laptop,Direct Sales,,,
,,,Sales,,,,,,,66.0,2024-09-01,Brasília,69.0,35177.0,Processor,Direct Sales,,,
,,,Sales,,,,,,,66.0,2024-09-26,Rio de Janeiro,69.0,35177.0,Processor,Direct Sales,,,
,,,Sales,,,,,,,70.0,2024-01-08,Salvador,18.0,40974.0,Laptop,Wholesale,,,
,,,Sales,,,,,,,66.0,2024-01-19,Bahia,18.0,40974.0,Processor,Wholesale,,,
,,,Sales,,,,,,,66.0,2024-01-19,Curitiba,18.0,40974.0,Processor,Wholesale,,,
,,,Sales,,,,,,,70.0,2024-11-18,Recife,29.0,11647.0,Laptop,Online,,,
,,,Sales,,,,,,,66.0,2024-11-17,Rio de Janeiro,29.0,11647.0,Processor,Online,,,
,,,Sales,,,,,,,66.0,2024-11-04,Rio de Janeiro,29.0,11647.0,Processor,Online,,,
,,,Sales,,,,,,,70.0,2024-09-07,Belo Horizonte,84.0,46091.0,Laptop,Direct Sales,,,
,,,Sales,,,,,,,66.0,2024-09-15,Recife,84.0,46091.0,Processor,Direct Sales,,,
,,,Sales,,,,,,,66.0,2024-09-18,Paraná,84.0,46091.0,Processor,Direct Sales,,,
,,,Sales,,,,,,,70.0,2024-12-20,Recife,81.0,5780.0,Laptop,Online,,,
,,,Sales,,,,,,,66.0,2024-12-25,Paraná,81.0,5780.0,Processor,Online,,,
,,,Sales,,,,,,,66.0,2024-12-16,Salvador,81.0,5780.0,Processor,Online,,,
,,,Sales,,,,,,,70.0,2024-09-19,Rio de Janeiro,47.0,13039.0,Laptop,Retail,,,
,,,Sales,,,,,,,66.0,2024-09-08,Paraná,47.0,13039.0,Processor,Retail,,,
,,,Sales,,,,,,,66.0,2024-09-13,Brasília,47.0,13039.0,Processor,Retail,,,
,,,Sales,,,,,,,70.0,2024-08-28,Porto Alegre,93.0,7655.0,Laptop,Wholesale,,,
,,,Sales,,,,,,,66.0,2024-08-27,Manaus,93.0,7655.0,Processor,Wholesale,,,
,,,Sales,,,,,,,66.0,2024-08-05,Manaus,93.0,7655.0,Processor,Wholesale,,,
,,,Sales,,,,,,,70.0,2024-07-15,Fortaleza,42.0,15599.0,Laptop,Retail,,,
,,,Sales,,,,,,,66.0,2024-07-28,Manaus,42.0,15599.0,Processor,Retail,,,
,,,Sales,,,,,,,66.0,2024-07-03,Recife,42.0,15599.0,Processor,Retail,,,
,,,Sales,,,,,,,70.0,2024-04-16,Curitiba,63.0,16202.0,Laptop,Retail,,,
,,,Sales,,,,,,,66.0,2024-04-18,Manaus,63.0,16202.0,Processor,Retail,,,
,,,Sales,,,,,,,66.0,2024-04-05,Manaus,63.0,16202.0,Processor,Retail,,,
,,,Sales,,,,,,,70.0,2024-05-26,Bahia,36.0,8079.0,Laptop,Wholesale,,,
,,,Sales,,,,,,,66.0,2024-05-23,Belo Horizonte,36.0,8079.0,Processor,Wholesale,,,
,,,Sales,,,,,,,66.0,2024-05-09,Porto Alegre,36.0,8079.0,Processor,Wholesale,,,
,,,Sales,,,,,,,70.0,2024-12-16,Rio de Janeiro,39.0,26945.0,Laptop,Wholesale,,,
,,,Sales,,,,,,,66.0,2024-12-19,Brasília,39.0,26945.0,Processor,Wholesale,,,
,,,Sales,,,,,,,66.0,2024-12-25,Recife,39.0,26945.0,Processor,Wholesale,,,
,,,Sales,,,,,,,70.0,2024-04-06,Salvador,46.0,9308.0,Laptop,Wholesale,,,
,,,Sales,,,,,,,66.0,2024-04-24,Salvador,46.0,9308.0,Processor,Wholesale,,,
,,,Sales,,,,,,,66.0,2024-04-12,Salvador,46.0,9308.0,Processor,Wholesale,,,
,,,Sales,,,,,,,54.0,2024-07-21,Porto Alegre,59.0,2950.0,Toner cartridge,Wholesale,,,
,,,Sales,,,,,,,54.0,2024-12-15,Porto Alegre,50.0,2500.0,Toner cartridge,Retail,,,
,,,Sales,,,,,,,54.0,2024-03-28,Brasília,38.0,1900.0,Toner cartridge,Online,,,
,,,Sales,,,,,,,54.0,2024-07-09,Manaus,19.0,950.0,Toner cartridge,Online,,,
,,,Sales,,,,,,,54.0,2024-05-07,Curitiba,57.0,2850.0,Toner cartridge,Wholesale,,,
,,,Sales,,,,,,,54.0,2024-12-23,São Paulo,98.0,41941.0,Toner cartridge,Online,,,
,,,Sales,,,,,,,51.0,2024-09-15,Rio de Janeiro,87.0,26100.0,ZIP drive,Retail,,,
,,,Sales,,,,,,,51.0,2024-05-18,Recife,91.0,27300.0,ZIP drive,Direct Sales,,,
,,,Sales,,,,,,,51.0,2024-07-25,Belo Horizonte,92.0,27600.0,ZIP drive,Retail,,,
,,,Sales,,,,,,,51.0,2024-04-20,Manaus,49.0,14700.0,ZIP drive,Online,,,
,,,Sales,,,,,,,51.0,2024-01-28,Bahia,16.0,4800.0,ZIP drive,Retail,,,
,,,Sales,,,,,,,46.0,2024-07-15,Bahia,45.0,3368.0,Case,Online,,,
,,,Sales,,,,,,,46.0,2024-07-30,Belo Horizonte,45.0,3368.0,Case,Online,,,
,,,Sales,,,,,,,46.0,2024-07-26,Belo Horizonte,45.0,3368.0,Case,Online,,,
,,,Sales,,,,,,,46.0,2024-12-20,Paraná,55.0,26316.0,Case,Online,,,
,,,Sales,,,,,,,46.0,2024-12-14,Bahia,55.0,26316.0,Case,Online,,,
,,,Sales,,,,,,,46.0,2024-12-23,Recife,55.0,26316.0,Case,Online,,,
,,,Sales by Category,,,,,,Accesorios,,,,,,,,7394544.0,21212.0,19.63934259733587
,,,Sales by Category,,,,,,Electrónica,,,,,,,,11134429.0,29928.0,29.57219076074358
,,,Sales by Category,,,,,,Gaming,,,,,,,,11619496.0,36465.0,30.86049156680571
,,,Sales by Category,,,,,,Periféricos,,,,,,,,7503219.0,27920.0,19.92797507511483
,,,Sales by Channel,,,,,,,,,,,,,Vendas direitas,3221944.0,9464.0,26.47362332506436
,,,Sales by Channel,,,,,,,,,,,,,Online,4146517.0,10304.0,34.07052672826588
,,,Sales by Channel,,,,,,,,,,,,,Varejo,2337047.0,8564.0,19.20272418483117
,,,Sales by Channel,,,,,,,,,,,,,Atacado,2464885.0,8745.0,20.25312576183859
,,,Sales by Manufacturer,,,,,AMD,,,,,,,,,659993.0,2245.0,1.752890866406839
,,,Sales by Manufacturer,,,,,Acer,,,,,,,,,533116.0,1565.0,1.415915270518549
,,,Sales by Manufacturer,,,,,Apple,,,,,,,,,3068031.0,8281.0,8.148455389304193
,,,Sales by Manufacturer,,,,,Asus,,,,,,,,,1013910.0,2230.0,2.692867315802681
,,,Sales by Manufacturer,,,,,Cooler Master,,,,,,,,,237280.0,1194.0,0.630197509338758
,,,Sales by Manufacturer,,,,,Corsair,,,,,,,,,487876.0,1801.0,1.29576129495177
,,,Sales by Manufacturer,,,,,Creative Labs,,,,,,,,,1632127.0,4253.0,4.334804325373141
,,,Sales by Manufacturer,,,,,Dell,,,,,,,,,2744159.0,8383.0,7.288276159092788
,,,Sales by Manufacturer,,,,,Fujitsu,,,,,,,,,1145502.0,4289.0,3.042365590621063
,,,Sales by Manufacturer,,,,,Gigabyte,,,,,,,,,1093903.0,2999.0,2.905322598020041
,,,Sales by Manufacturer,,,,,HP,,,,,,,,,359585.0,1372.0,0.9550302233461618
,,,Sales by Manufacturer,,,,,Hewlett-Packard,,,,,,,,,736566.0,1865.0,1.956262890524324
,,,Sales by Manufacturer,,,,,Intel,,,,,,,,,3438300.0,11681.0,9.131861498480493
,,,Sales by Manufacturer,,,,,Iomega,,,,,,,,,352689.0,1170.0,0.9367149754348331
,,,Sales by Manufacturer,,,,,Kingston,,,,,,,,,871837.0,2130.0,2.315532307608626
,,,Sales by Manufacturer,,,,,Lenovo,,,,,,,,,1695722.0,5940.0,4.503707775332676
,,,Sales by Manufacturer,,,,,Logitech,,,,,,,,,68221.0,127.0,0.181189751705156
,,,Sales by Manufacturer,,,,,MSI,,,,,,,,,1253897.0,3859.0,3.33025440984213
,,,Sales by Manufacturer,,,,,NVIDIA,,,,,,,,,2442755.0,7240.0,6.487770216304778
,,,Sales by Manufacturer,,,,,Razer,,,,,,,,,644845.0,1977.0,1.712658938425284
,,,Sales by Manufacturer,,,,,Samsung,,,,,,,,,3730582.0,12341.0,9.90814010782199
,,,Sales by Manufacturer,,,,,Seagate,,,,,,,,,98797.0,641.0,0.2623972662261517
,,,Sales by Manufacturer,,,,,Sony,,,,,,,,,1728710.0,4002.0,4.591321377145163
,,,Sales by Manufacturer,,,,,Thermaltake,,,,,,,,,1041646.0,1994.0,2.76653200780799
,,,Sales by Manufacturer,,,,,Toshiba,,,,,,,,,393386.0,1296.0,1.044803090899935
,,,Sales by Manufacturer,,,,,Western Digital,,,,,,,,,1429407.0,4227.0,3.796395529464708
,,,Sales by Manufacturer,,,,,Winchester,,,,,,,,,4748846.0,16423.0,12.61257131419978
